"Gender","Age","Induction","Content1","Calm1","Energetic1","Empowered1","Sad1","Frustrated1","Vigilant1","Bored1","Serene1","Unhappy1","SelfAssured1","Vulnerable1","Stressed1","Surprised1","InControl1","Active1","Depressed1","Unconcerned1","Nervous1","Enthusiastic1","Relaxed1","Anxious1","Overwhelmed1","Helpless1","AtEase1","Confident1","Angry1","Scared1","Satisfied1","Disheartened1","Upset1","Passive1","Panicked1","Asleep1","Happy1","Elated1","Joyful1","Insecure1","Tense1","Aggressive1","Content2","Calm2","Energetic2","Empowered2","Sad2","Frustrated2","Vigilant2","Bored2","Serene2","Unhappy2","SelfAssured2","Vulnerable2","Stressed2","Surprised2","InControl2","Active2","Depressed2","Unconcerned2","Nervous2","Enthusiastic2","Relaxed2","Anxious2","Overwhelmed2","Helpless2","AtEase2","Confident2","Angry2","Scared2","Satisfied2","Disheartened2","Upset2","Passive2","Panicked2","Asleep2","Happy2","Elated2","Joyful2","Insecure2","Tense2","Aggressive2"
"F","21","Angry","52",10,81,0,0,0,11,0,19,0,22,1,44,15,9,79,9,0,49,44,15,45,0,0,18,30,0,0,35,0,0,0,0,0,44,0,33,0,27,0,55,0,90,0,0,0,0,0,38,0,0,0,25,63,0,72,0,0,25,45,31,15,0,0,36,45,0,0,0,0,0,0,0,0,45,0,40,0,0,0
"M","25","Angry","67",74,82,20,30,4,59,10,70,3,54,66,34,38,74,62,12,9,57,88,22,59,26,4,30,70,2,3,36,25,7,3,3,18,79,31,52,30,37,6,61,78,82,28,13,6,65,3,72,3,53,42,12,33,60,72,9,5,68,79,20,31,7,7,28,64,5,4,38,15,5,17,6,5,85,58,77,37,14,1
"F","18","Angry","66",71,54,7,65,7,64,7,50,55,29,41,74,12,75,76,65,9,57,66,53,29,56,11,32,36,6,16,48,51,12,13,39,25,28,19,11,87,22,5,18,18,38,5,46,11,59,3,26,42,14,46,63,33,21,45,65,6,24,14,15,38,27,10,31,12,23,23,10,15,23,16,12,18,35,9,6,31,30,8
"F","19","Angry","76",23,73,1,15,2,2,7,79,0,44,1,65,2,76,39,7,0,24,35,19,49,14,0,2,54,0,57,39,3,7,0,4,12,88,17,82,0,25,0,31,5,9,3,5,8,6,3,3,0,1,4,15,10,1,3,9,2,12,17,2,51,4,4,2,48,0,7,2,1,33,3,5,9,62,7,44,2,19,0
"F","19","Angry","47",55,23,5,7,9,52,3,11,0,53,0,37,16,69,3,7,45,29,30,64,17,10,0,45,11,0,0,28,0,55,29,0,79,45,72,14,44,0,12,33,6,30,16,17,15,49,27,3,5,57,0,41,45,51,32,17,0,40,53,0,31,3,9,10,9,13,0,27,0,16,12,0,61,38,18,15,0,46,29
"F","20","Angry","70",76,68,3,12,22,82,3,51,11,9,23,53,32,77,74,12,3,66,75,31,54,28,5,34,5,1,10,12,6,7,9,19,22,47,45,50,55,54,3,31,36,70,9,23,41,72,9,24,29,13,23,64,39,17,66,40,12,70,16,37,37,35,33,18,7,60,10,11,54,63,12,30,12,47,17,30,15,64,34
"M","29","Angry","82",74,82,48,23,0,64,0,71,0,50,0,33,16,65,64,8,0,20,53,70,5,18,0,61,56,0,0,21,0,0,0,0,0,48,0,46,0,0,0,68,16,46,20,52,8,14,0,5,0,32,5,28,23,11,5,20,0,28,0,0,6,9,15,5,7,7,0,0,0,8,5,8,0,4,0,7,0,9,0
"F","19","Angry","71",100,45,21,0,0,14,0,44,0,57,0,0,0,44,76,3,0,0,76,100,0,0,0,100,70,0,0,78,0,0,0,0,5,71,0,71,0,0,0,0,0,0,0,0,79,0,0,0,0,0,0,0,16,31,0,0,0,0,0,0,0,0,82,0,0,91,0,0,0,78,0,0,0,0,0,0,0,70,0
"F","19","Angry","60",80,65,0,15,0,70,0,75,0,50,30,15,70,50,10,5,5,15,20,55,20,0,0,70,55,0,0,50,0,0,10,0,0,50,0,60,0,20,0,25,40,35,0,10,0,25,0,30,0,30,5,20,40,15,5,0,0,0,0,10,20,5,0,15,25,5,0,10,0,5,5,0,0,39,0,20,5,15,0
"F","20","Angry","73",60,78,20,15,5,45,0,20,10,20,0,45,0,20,20,10,30,40,15,25,35,10,5,10,15,0,0,15,0,0,0,10,15,50,20,69,10,30,0,50,20,10,10,20,70,25,0,10,45,10,65,50,15,20,0,35,0,40,10,30,62,26,35,14,20,50,25,5,25,45,10,30,0,25,0,35,30,30,20
"F","19","Angry","77",68,70,79,22,34,22,15,53,8,72,8,37,51,70,70,6,52,36,53,35,10,29,7,52,72,4,33,76,12,8,9,21,18,76,54,93,5,21,5,48,17,58,82,28,79,28,15,29,7,77,21,16,33,25,52,25,7,37,37,30,27,10,37,31,63,65,16,25,12,49,9,15,8,35,27,35,15,48,20
"F","20","Angry","80",90,26,0,0,0,9,18,84,2,69,9,12,18,52,0,0,74,13,19,85,0,27,0,74,33,0,0,40,4,0,0,0,57,40,0,25,7,0,0,51,53,53,30,4,4,24,10,49,1,50,26,9,27,46,0,0,0,4,20,40,0,22,14,41,33,8,4,14,9,0,0,4,19,22,0,22,4,6,0
"F","23","Angry","100",73,87,96,6,0,3,0,88,0,100,0,5,0,100,56,0,0,14,100,100,2,0,0,100,100,0,0,100,0,0,0,0,10,100,94,100,0,0,0,92,79,67,100,0,0,0,0,83,0,100,0,0,21,100,85,0,0,14,100,94,5,0,0,89,100,14,0,85,0,4,0,0,3,100,79,0,0,0,6
"F","30","Angry","57",85,43,55,9,0,72,16,58,1,54,11,5,39,46,60,3,0,7,69,74,8,0,4,64,34,0,0,37,0,2,27,1,15,16,5,38,1,5,0,22,40,36,32,5,27,45,2,37,5,33,26,11,25,18,47,0,0,32,1,7,7,3,50,0,2,17,2,0,37,63,6,11,0,0,30,5,17,36,13
"F","20","Angry","86",100,57,61,16,0,49,0,94,31,57,15,12,0,74,87,39,51,14,100,88,7,76,0,57,71,0,0,100,0,19,33,0,41,90,54,74,6,14,0,84,76,48,60,33,26,64,10,35,19,42,33,8,17,36,65,2,27,15,79,94,4,48,20,68,59,2,3,72,11,17,29,6,70,75,55,67,24,30,2
"M","53","Angry","75",5,65,50,0,5,5,5,65,5,5,5,5,55,5,50,5,5,5,90,5,10,5,15,5,71,5,5,40,8,15,6,5,10,75,44,70,9,8,7,5,23,61,28,7,11,82,40,50,18,79,24,61,63,17,52,26,3,73,5,4,26,32,56,6,71,91,15,3,10,73,7,32,6,11,10,10,10,66,49
"M","23","Angry","44",34,22,29,22,47,22,5,30,65,41,46,24,4,26,25,43,4,17,47,26,33,76,56,29,43,19,10,5,32,19,50,10,22,9,14,20,70,22,7,11,31,50,75,24,35,13,11,14,17,13,31,25,5,19,68,7,25,20,10,17,32,17,29,25,21,32,20,2,37,29,51,30,7,24,10,15,45,25,34
"F","32","Angry","64",51,81,26,7,5,88,5,24,4,43,8,52,9,60,55,4,17,29,52,11,28,10,14,25,50,2,15,48,15,8,17,3,4,49,5,49,19,15,6,63,53,69,50,8,6,76,6,51,6,59,9,23,9,52,61,6,30,22,58,49,19,10,10,48,51,8,20,48,9,10,6,7,7,63,7,63,16,16,8
"F","19","Angry","71",55,78,23,5,6,5,7,35,5,5,24,85,6,55,81,5,8,27,57,54,64,33,17,54,38,4,9,66,4,10,7,18,6,75,6,55,7,14,6,45,29,71,7,12,23,13,7,18,7,7,16,54,11,18,89,6,7,45,28,40,38,22,20,41,21,15,7,27,7,25,4,9,3,41,30,34,21,60,22
"F","21","Angry","85",90,60,90,15,20,30,5,80,10,73,25,15,5,87,40,10,10,10,90,80,10,10,5,87,76,5,10,80,5,5,10,5,15,85,10,80,15,25,5,70,70,65,67,15,25,50,15,70,15,90,20,10,15,90,30,15,15,25,60,76,15,9,40,75,70,15,10,65,15,25,30,10,15,75,17,65,25,25,20
"F","20","Angry","50",84,65,46,5,22,5,3,20,2,20,3,60,4,5,5,15,14,5,20,60,92,80,48,40,29,30,4,12,72,7,5,7,5,38,3,58,27,48,2,3,37,78,5,56,89,87,3,2,90,8,6,82,81,43,8,72,4,98,2,3,93,88,95,2,2,98,91,3,97,94,3,97,2,2,2,2,92,98,6
"F","20","Angry","80",80,37,20,18,9,48,25,36,13,27,9,50,21,10,14,7,10,10,49,79,15,22,4,72,53,16,32,65,10,7,39,20,51,70,7,78,4,5,4,44,55,18,11,22,41,38,13,21,27,12,33,26,33,8,8,18,18,21,12,62,21,14,25,4,10,30,17,6,34,31,18,9,46,52,12,60,8,21,11
"F","25","Happy","40",50,15,20,25,35,80,20,30,5,50,55,15,5,80,15,15,25,20,65,30,20,25,45,42,15,10,5,10,20,40,5,5,35,50,5,30,15,70,40,70,63,20,20,10,20,30,39,50,14,75,56,15,9,83,14,11,21,16,17,32,12,15,9,56,30,7,23,19,13,13,3,8,21,30,4,48,3,44,24
"F","19","Happy","85",95,30,65,10,10,80,50,90,30,76,70,50,10,85,40,5,75,50,50,40,10,10,5,75,72,5,5,80,20,10,35,5,10,90,30,80,10,15,5,80,80,35,15,10,10,10,20,80,15,80,40,15,15,80,35,15,20,5,65,64,15,10,22,65,60,5,10,25,29,5,25,5,15,80,40,70,10,10,5
"F","18","Happy","72",86,39,3,4,6,81,2,22,2,4,62,83,4,13,27,6,3,44,34,22,87,35,43,22,6,2,2,44,2,6,2,2,32,85,24,71,34,14,2,98,96,94,5,1,1,1,2,92,1,48,5,1,89,83,84,1,1,4,83,98,3,1,2,96,45,1,2,98,1,1,2,2,3,98,73,91,2,1,2
"F","19","Happy","82",91,75,87,15,47,50,5,10,8,31,2,67,31,40,70,7,1,77,91,5,65,88,19,13,35,5,21,84,83,96,47,9,76,72,92,69,5,14,1,81,91,32,98,0,100,5,5,95,0,81,5,84,54,95,78,10,5,95,61,80,76,60,53,72,68,0,5,74,55,86,5,0,44,84,76,84,5,74,5
"F","19","Happy","57",18,36,20,7,8,15,10,75,16,20,34,24,7,39,54,9,11,8,41,34,24,14,12,62,57,9,14,32,20,19,26,4,8,52,16,43,54,23,5,56,29,28,24,8,13,10,12,30,13,20,24,14,12,12,22,5,9,9,26,11,11,7,8,57,55,4,6,35,9,6,34,4,17,53,23,59,26,10,11
"F","20","Happy","83",90,63,50,0,0,23,20,100,0,46,0,17,0,71,60,0,7,0,38,85,0,0,0,100,82,0,0,69,0,0,31,0,0,87,0,87,0,0,0,100,100,55,57,0,0,0,12,51,0,55,0,5,27,78,90,0,5,0,93,79,0,0,0,100,89,0,0,100,0,0,13,0,0,88,0,91,0,0,0
"F","19","Happy","71",68,38,35,14,22,10,9,50,0,50,64,5,76,53,87,0,4,6,39,50,41,0,70,50,12,19,56,36,7,21,0,0,53,61,4,61,6,18,22,77,86,69,70,0,18,5,9,58,0,72,0,3,71,39,68,0,0,0,53,73,0,0,0,73,48,0,0,62,0,0,0,0,25,70,5,72,0,0,0
"F","19","Happy","22",78,33,56,64,14,64,17,24,69,19,79,55,5,48,28,70,24,74,41,31,77,38,20,49,38,4,28,47,55,22,36,0,27,0,13,0,73,0,0,23,32,43,62,57,0,22,0,39,34,15,67,34,9,43,58,63,22,34,42,22,79,30,33,40,39,0,34,53,48,28,27,15,21,43,23,53,67,57,0
"F","22","Happy","47",42,33,54,5,22,57,54,33,42,21,4,78,4,38,15,15,87,66,10,9,80,8,52,38,23,44,10,52,60,2,51,24,81,66,15,25,83,18,20,48,46,39,53,9,10,9,30,40,24,15,15,37,23,37,32,9,66,22,22,35,22,2,10,51,25,2,2,21,20,5,58,1,45,29,16,18,65,31,2
"F","19","Happy","37",80,11,60,61,24,76,52,20,67,34,29,80,7,88,29,60,61,60,69,20,77,66,24,25,44,12,51,33,9,58,16,12,67,40,56,73,60,65,8,70,57,58,74,30,8,75,15,58,24,59,14,56,5,77,63,17,14,70,71,49,55,11,6,49,55,6,16,48,7,55,7,7,34,66,60,72,7,13,3
"F","19","Happy","88",52,85,38,0,7,0,0,68,0,37,2,23,0,54,24,0,57,5,79,69,14,37,0,61,43,0,0,53,2,5,9,0,3,79,26,85,7,15,0,88,74,82,48,0,1,0,0,89,0,72,0,0,4,58,62,0,4,2,83,84,0,1,0,59,52,0,0,73,0,0,4,0,2,83,39,88,7,0,0
"F","18","Happy","79",39,75,36,2,3,18,6,42,2,55,13,49,6,47,18,2,8,12,72,14,65,38,14,20,29,1,3,49,4,2,17,22,13,79,26,83,10,28,4,83,85,81,71,1,10,7,11,50,5,61,17,14,18,52,31,1,12,12,75,50,22,15,18,53,67,3,6,57,7,1,17,6,9,73,61,80,28,6,2
"F","23","Happy","43",96,34,11,31,5,57,9,44,28,20,20,5,3,64,50,40,11,13,55,61,47,2,26,61,30,1,1,15,4,1,7,1,36,39,45,35,57,9,1,54,79,20,7,17,1,5,1,63,19,37,32,5,1,59,60,9,1,6,56,75,6,1,8,73,43,1,1,47,5,1,3,1,17,53,61,60,42,1,1
"F","20","Happy","34",60,43,20,19,13,46,9,51,26,66,10,60,9,68,34,25,4,23,35,65,38,25,8,65,40,10,9,41,16,9,15,10,15,31,16,17,22,36,3,59,55,66,34,12,6,12,9,64,12,64,12,8,14,31,48,11,5,11,72,37,12,10,8,62,59,4,4,60,6,3,9,5,8,48,18,62,9,4,10
"F","20","Happy","46",50,63,33,23,19,14,8,33,23,16,20,48,17,41,28,20,13,34,79,34,49,44,25,28,58,5,12,78,8,18,36,24,42,64,49,70,26,13,10,75,54,80,47,11,13,8,21,61,10,49,25,9,35,59,29,12,7,12,59,64,15,17,14,51,44,8,7,76,10,8,22,13,21,67,54,77,30,20,5
"F","19","Happy","84",100,32,41,0,0,8,0,94,0,94,0,0,0,68,52,0,82,0,63,100,0,0,0,100,96,0,0,83,0,0,17,0,80,78,9,85,0,0,0,94,100,24,37,0,0,0,0,100,0,82,0,0,0,22,23,0,26,0,22,91,0,0,0,94,94,0,0,92,0,0,13,0,0,86,13,93,0,0,0
"F","19","Happy","70",79,65,39,20,11,25,11,69,12,49,18,32,13,34,40,7,12,12,58,36,11,33,16,67,31,9,11,65,36,9,31,8,25,66,15,70,9,9,10,75,80,65,20,12,12,14,13,75,15,51,19,15,15,21,30,10,14,20,75,80,11,14,19,70,43,7,9,74,20,8,23,8,19,72,25,76,14,12,9
"F","18","Happy","74",71,62,41,0,0,5,0,90,0,95,12,12,4,11,10,0,9,1,53,58,4,0,1,78,53,0,4,57,0,0,25,0,7,65,0,65,0,11,0,77,54,50,6,0,0,9,5,55,0,55,7,5,22,14,35,0,3,2,49,62,4,0,10,69,20,0,0,70,0,0,10,0,0,78,0,70,0,6,0
"F","21","Happy","89",90,100,9,7,3,53,86,42,4,27,80,25,3,80,58,2,10,25,82,12,68,2,3,11,23,1,22,48,3,3,2,3,4,80,62,80,47,3,3,76,86,12,56,2,2,1,2,77,3,4,3,2,2,2,12,2,7,2,88,80,6,2,7,81,90,5,6,84,6,5,6,5,88,86,56,86,5,5,7
"F","19","Happy","82",96,82,30,4,5,53,12,74,7,53,23,16,36,16,39,0,49,18,73,74,20,8,5,75,71,0,5,49,6,5,44,18,24,85,43,49,1,10,5,75,88,81,50,5,4,1,25,93,1,68,2,5,53,12,53,1,7,7,84,81,14,31,4,91,53,2,3,67,14,10,48,1,6,75,31,61,4,2,5
"M","19","Happy","42",73,28,64,49,22,34,16,69,54,69,15,14,33,64,59,13,13,16,66,43,18,18,16,71,60,15,13,52,17,66,50,17,38,53,14,48,19,46,13,73,81,51,72,28,20,16,9,60,9,67,12,13,47,22,58,15,12,15,77,87,12,15,16,84,79,14,17,86,19,15,17,9,28,65,29,60,23,25,16
"F","21","Happy","71",52,71,25,80,17,14,0,17,0,48,53,48,0,72,70,0,46,21,47,70,69,75,22,30,23,0,0,50,0,0,69,0,0,62,52,56,74,0,0,79,77,80,29,24,0,0,0,79,0,23,65,23,65,79,64,0,0,0,79,70,27,19,0,81,82,0,0,72,0,0,23,0,0,52,63,74,0,0,0
"F","21","Happy","86",77,49,42,1,1,49,1,85,1,80,1,12,1,84,47,1,3,2,89,71,13,11,1,55,83,1,1,90,1,1,3,1,3,97,10,97,1,3,1,93,64,64,61,1,1,10,1,69,1,69,1,1,33,5,60,1,1,1,74,88,11,1,7,88,61,1,1,88,1,1,1,1,3,89,39,89,1,2,1
"M","22","Happy","61",37,10,76,7,12,26,57,39,6,73,6,48,3,28,0,40,30,23,17,47,40,51,3,37,11,24,47,62,21,14,75,46,56,65,11,65,28,42,15,55,66,30,80,21,17,46,12,51,7,70,8,10,61,43,72,20,25,23,69,59,10,13,8,49,42,5,56,64,22,18,11,5,9,61,33,46,9,36,20
"F","19","Happy","92",62,77,19,16,4,10,28,64,6,49,3,78,56,78,48,4,2,14,76,60,87,4,8,47,54,11,7,66,5,7,25,3,23,88,11,92,8,45,3,93,66,80,46,4,4,2,4,63,5,56,4,29,42,63,52,6,4,6,68,70,33,8,3,56,71,3,4,84,5,3,5,3,8,91,36,94,4,10,2
"F","19","Happy","31",67,13,34,69,39,70,77,19,28,32,27,47,14,32,28,60,63,33,47,10,15,75,59,18,18,28,8,27,16,33,60,17,63,65,21,56,9,33,46,64,79,61,30,31,29,56,64,21,28,22,36,12,15,35,43,32,60,9,34,50,10,38,30,52,42,15,12,35,20,21,72,8,67,60,33,56,10,14,34
"F","20","Happy","67",49,64,25,64,7,64,10,39,10,17,26,79,11,38,26,49,15,56,50,17,50,46,13,36,29,9,58,69,14,9,14,9,32,86,10,69,4,86,4,82,48,57,52,35,13,11,5,22,6,35,28,36,34,37,26,24,5,15,57,33,18,11,12,39,25,7,29,46,13,7,12,10,19,74,10,74,10,42,10
"F","42","Neutral","70",27,80,45,5,21,25,2,55,1,40,29,55,4,15,65,5,2,15,73,35,57,95,25,30,57,5,3,20,50,55,4,45,4,65,21,64,44,33,2,63,60,82,48,5,32,16,3,58,3,33,31,52,2,41,59,3,3,31,62,49,51,77,7,49,61,4,2,44,54,52,2,37,2,72,37,66,37,9,4
"F","20","Neutral","64",59,43,36,15,17,23,8,70,6,61,15,13,6,70,72,8,9,36,69,69,19,24,6,63,66,9,3,52,12,3,9,6,33,75,48,53,8,29,4,35,69,47,39,9,18,40,5,50,2,30,20,14,3,20,74,3,7,12,59,12,11,6,3,10,19,4,2,21,7,2,3,5,20,78,49,66,2,10,5
"F","28","Neutral","62",10,32,22,18,5,51,2,2,3,52,43,62,2,8,2,45,2,54,37,29,44,40,15,6,29,2,21,40,1,37,1,2,20,44,2,43,26,42,2,51,33,51,34,2,2,50,2,28,2,54,3,10,20,27,37,2,2,2,15,20,3,2,3,46,37,1,3,36,2,3,2,3,2,42,2,42,3,2,1
"F","19","Neutral","57",80,27,26,9,46,33,5,81,12,50,55,50,12,70,12,15,60,41,50,60,62,70,18,57,46,6,16,62,38,11,78,6,78,51,23,61,70,61,6,51,90,62,16,10,46,9,16,62,10,49,12,11,60,34,66,10,31,10,36,63,16,9,58,76,70,9,15,48,15,11,23,12,46,47,20,47,25,18,18
"F","40","Neutral","67",74,57,47,4,2,34,3,65,2,64,2,30,6,52,56,12,4,41,72,63,11,16,2,72,94,2,3,68,4,3,4,2,33,79,6,75,5,19,2,70,42,60,38,4,39,43,18,48,3,46,3,48,10,60,56,4,21,50,47,36,3,9,1,17,77,4,6,46,4,9,31,3,36,61,8,56,4,17,2
"F","19","Neutral","75",100,56,42,8,0,0,2,72,0,50,12,19,14,77,52,0,60,7,39,73,4,4,0,66,60,0,0,62,0,0,23,3,55,38,0,37,17,3,0,50,81,27,23,0,0,8,2,69,0,47,22,35,13,55,61,0,48,9,73,82,4,0,5,75,41,0,7,43,0,0,36,0,47,54,0,53,1,24,0
"M","24","Neutral","85",32,79,11,0,0,64,0,64,0,44,13,42,0,45,60,0,0,41,47,45,28,0,0,59,33,0,5,46,0,0,4,0,0,62,16,62,3,40,0,78,62,74,5,0,0,31,0,48,0,9,8,23,0,9,55,0,0,27,55,61,14,0,0,59,26,0,0,49,0,0,0,0,0,64,6,60,6,13,0
"F","19","Neutral","55",51,51,88,20,97,4,2,4,92,2,66,82,52,93,64,69,10,94,69,17,100,68,16,21,9,75,100,91,1,73,1,35,69,29,15,15,75,77,61,43,40,22,85,61,70,5,6,40,90,24,20,72,30,16,75,68,3,91,65,15,88,59,29,10,36,60,97,61,2,72,3,62,48,36,6,12,52,79,34
"F","25","Neutral","61",64,11,13,80,29,69,61,4,59,23,69,72,1,43,12,87,72,49,31,24,63,68,88,43,15,16,45,24,75,35,80,55,95,28,14,11,75,30,3,36,60,38,7,64,42,69,54,17,58,38,49,77,24,30,29,86,47,83,17,32,75,58,85,34,27,4,48,40,60,12,48,57,57,25,24,27,60,45,1
"F","18","Neutral","75",80,13,3,33,47,33,0,93,20,8,82,15,0,44,28,29,0,21,39,11,74,41,55,62,16,15,0,23,16,12,0,0,4,32,12,31,28,11,0,52,78,21,8,35,29,65,0,83,9,47,55,23,6,66,36,36,0,12,51,67,10,27,21,75,26,12,0,55,11,9,0,0,6,34,27,45,7,5,0
"F","19","Neutral","71",68,33,37,19,8,10,3,41,5,47,5,25,1,58,17,2,11,9,52,64,16,2,3,78,20,1,7,35,4,7,2,3,73,65,17,60,3,4,0,78,22,15,20,5,4,14,2,28,3,23,4,10,9,36,7,2,4,10,25,41,7,13,4,46,13,2,6,39,3,2,4,3,40,56,7,59,2,10,1
"F","30","Neutral","100",100,100,100,0,0,100,0,100,0,100,0,0,100,0,100,0,0,0,100,100,0,0,0,100,100,0,0,100,0,0,0,0,0,100,0,100,0,0,0,100,100,100,100,0,0,100,0,100,0,100,0,0,100,100,100,0,0,0,100,100,0,0,0,100,100,0,0,100,0,0,0,0,0,100,0,100,0,0,0
"F","21","Neutral","80",70,80,70,10,15,50,25,71,10,81,25,36,10,71,50,10,35,30,60,65,30,10,57,65,75,10,10,65,5,15,60,10,60,85,45,85,10,10,5,80,65,45,70,10,25,65,40,65,5,65,30,24,35,75,50,10,15,30,85,70,10,11,35,55,80,10,10,60,5,25,80,5,45,85,55,70,15,5,5
"F","20","Neutral","68",64,34,21,20,0,74,32,36,6,76,66,35,0,88,62,5,36,62,100,51,38,0,0,52,69,0,14,74,0,0,6,0,86,72,31,30,100,54,0,74,70,29,15,11,0,58,17,70,0,28,39,44,0,74,7,6,78,63,61,66,38,0,15,80,59,0,0,48,0,0,26,0,93,66,2,49,36,25,0
"F","21","Neutral","23",73,14,6,78,22,46,70,32,93,17,10,78,0,73,19,100,73,63,9,20,90,67,75,47,9,0,0,4,78,64,65,5,100,26,17,19,30,78,0,25,100,20,10,72,25,0,50,45,70,9,0,6,12,8,38,78,86,7,33,90,15,0,58,80,34,0,0,65,0,16,68,0,100,8,21,21,28,30,0
"F","20","Neutral","57",76,37,18,7,10,28,14,69,10,66,14,13,4,39,16,3,16,7,37,75,10,9,29,68,35,19,15,12,22,6,38,6,68,49,6,8,10,6,4,12,68,10,10,4,18,38,22,29,12,12,24,14,10,4,18,9,36,33,26,24,18,6,12,28,29,6,10,10,18,8,12,12,69,44,18,15,24,23,6
"F","21","Neutral","88",85,70,58,0,0,30,0,50,4,62,30,19,15,62,84,0,0,13,75,73,7,7,17,71,53,0,0,80,0,6,17,0,8,81,21,81,27,6,0,91,90,91,57,0,0,33,0,85,0,69,9,7,9,78,84,0,0,0,85,91,6,0,7,81,83,0,0,77,0,0,0,0,0,81,67,83,36,8,0
"F","19","Neutral","53",50,53,50,28,21,28,21,53,50,22,61,45,51,52,55,22,18,58,71,21,49,21,55,21,27,22,27,0,50,0,13,0,13,0,35,0,22,0,13,49,23,28,24,17,51,63,24,17,43,17,57,49,73,49,73,17,22,39,53,16,45,56,69,21,25,20,26,14,13,14,13,31,14,48,15,48,19,29,15
"F","20","Neutral","21",21,58,49,4,11,4,11,10,6,49,11,54,30,44,10,30,16,7,11,6,40,5,8,28,17,3,9,52,17,5,54,5,6,23,3,73,11,48,4,5,21,45,13,4,50,16,7,41,5,48,5,6,33,38,53,5,4,7,5,19,5,5,9,33,63,5,6,5,6,54,14,6,4,14,6,38,6,7,6
"F","19","Neutral","70",83,58,53,7,14,43,7,64,0,52,59,9,5,78,55,0,4,4,58,84,53,0,84,78,39,0,6,16,25,0,0,0,20,77,6,59,9,7,0,62,67,59,48,7,48,64,7,65,0,49,68,15,3,78,51,0,0,11,58,51,60,0,57,76,51,0,11,57,0,0,5,10,22,90,0,49,48,0,0
"F","20","Neutral","85",85,85,72,13,4,51,9,89,2,49,26,28,4,51,23,9,4,28,53,63,6,24,13,78,34,6,7,82,3,5,3,5,4,88,4,88,4,5,3,81,53,70,54,1,7,64,3,56,1,41,2,5,2,13,56,2,2,3,74,72,5,3,7,8,46,2,2,74,3,4,3,2,5,84,2,84,2,4,2
"F","20","Neutral","82",53,85,42,10,5,6,26,76,2,85,17,4,2,53,15,4,67,14,80,61,5,4,6,71,95,5,3,60,4,2,5,2,42,88,3,89,5,5,5,85,93,50,82,5,4,3,91,52,5,67,5,2,5,15,14,2,4,0,32,67,3,2,6,92,88,3,5,70,5,3,67,5,93,87,5,88,5,5,5
"F","19","Neutral","95",90,70,40,0,0,5,0,95,0,75,0,10,15,30,55,0,0,0,80,75,0,0,0,55,80,0,0,65,0,0,0,0,10,35,0,55,0,0,0,80,85,65,30,0,0,0,0,90,0,55,0,0,30,65,70,0,0,0,80,70,0,0,0,60,80,0,0,70,0,0,0,0,0,35,0,75,0,0,0
"F","19","Sad","51",70,26,21,5,60,47,20,19,6,17,42,59,11,26,42,5,21,59,7,39,63,26,57,20,22,2,60,67,60,14,22,30,54,68,9,57,54,79,2,33,50,29,22,49,49,46,4,26,23,26,39,23,39,23,20,48,6,34,15,42,27,36,70,36,21,19,44,19,36,58,5,5,18,12,6,12,43,33,2
"F","20","Sad","57",39,39,69,24,20,67,9,47,11,60,24,14,17,78,36,22,29,14,17,48,36,57,11,45,64,34,23,36,15,25,8,30,13,56,26,52,35,45,19,18,53,12,32,47,23,21,40,40,33,58,63,12,12,84,13,32,10,15,15,35,28,46,54,21,36,34,12,25,47,29,23,12,58,50,12,35,51,67,27
"F","19","Sad","72",77,62,28,12,15,51,20,61,5,55,15,69,6,69,44,8,15,54,45,67,70,73,45,72,36,19,10,67,46,23,47,35,24,75,38,67,15,51,10,61,65,49,22,35,12,11,13,48,10,32,22,73,13,19,22,24,12,58,35,51,69,50,27,17,15,12,28,30,19,34,21,54,11,60,15,48,26,48,6
"F","21","Sad","72",24,14,50,0,48,53,48,4,10,16,1,80,79,27,6,14,2,55,72,30,96,95,63,17,40,2,51,49,9,2,96,86,98,83,3,69,2,4,4,1,3,1,1,89,55,81,43,1,25,1,99,92,23,1,6,78,15,52,2,1,96,90,96,21,8,73,54,1,79,86,22,13,32,28,1,11,98,74,90
"F","20","Sad","65",72,59,46,34,68,69,0,24,18,56,67,80,74,48,0,1,5,50,18,20,69,30,36,26,53,0,30,47,36,39,7,0,68,53,3,36,23,0,0,54,12,41,33,41,70,84,0,10,11,36,68,66,15,39,0,32,14,57,41,5,81,24,73,7,34,0,39,38,65,58,5,5,61,33,0,8,13,55,0
"F","20","Sad","86",75,90,19,11,14,23,18,74,14,27,26,88,11,37,37,9,25,30,77,34,66,19,36,19,20,10,15,63,10,24,22,20,33,72,29,74,39,26,12,59,50,52,15,30,19,22,18,46,23,26,35,20,17,28,22,26,14,21,39,43,20,29,29,39,25,13,18,26,12,18,14,13,27,67,15,46,17,15,15
"F","19","Sad","47",60,19,8,10,20,46,5,14,6,75,1,5,19,55,45,17,51,27,25,14,5,1,1,71,72,3,1,75,1,5,10,1,60,60,3,48,3,5,1,43,56,3,1,13,3,18,4,6,11,62,1,8,12,21,15,16,8,9,10,3,8,2,4,33,19,5,1,10,12,4,27,1,50,24,1,21,1,40,13
"F","19","Sad","70",75,60,25,15,15,50,15,80,20,65,40,20,35,75,55,10,45,15,65,63,15,15,25,60,75,10,10,35,10,10,25,10,20,60,25,60,20,15,5,75,80,65,10,20,15,35,5,65,10,40,10,15,20,80,60,10,15,20,55,47,15,15,5,60,55,15,5,55,5,15,45,5,15,65,30,60,25,10,5
"F","19","Sad","84",100,35,16,49,0,95,0,49,0,27,33,82,0,96,9,15,70,51,51,10,86,2,0,30,31,0,0,80,6,93,76,0,95,83,10,52,0,29,0,12,75,3,77,77,65,92,0,19,22,9,31,97,7,82,0,89,0,66,0,9,81,2,93,20,7,8,93,0,0,41,9,56,46,23,1,6,0,60,0
"F","18","Sad","81",56,29,38,23,1,68,31,52,13,77,7,20,4,58,20,6,19,15,56,23,6,2,3,42,78,5,2,58,1,1,29,1,23,70,2,79,1,15,2,48,74,31,7,15,2,64,8,38,19,62,31,1,0,11,19,9,13,2,9,9,1,7,13,31,48,28,3,6,2,3,56,1,34,33,3,33,1,2,6
"F","19","Sad","80",25,72,29,0,3,9,0,52,0,44,29,73,0,77,50,0,0,25,71,51,88,43,0,14,9,0,6,20,0,0,0,0,0,73,37,85,51,52,0,57,91,14,10,22,0,14,0,0,3,6,19,17,9,3,23,0,15,7,0,26,49,51,21,35,5,0,11,0,0,5,11,0,0,34,0,11,50,76,0
"F","19","Sad","87",95,52,53,28,1,9,7,89,2,54,3,0,0,100,50,2,50,2,50,100,2,52,0,92,51,2,0,87,52,4,20,4,0,75,5,75,2,3,0,32,52,3,32,44,31,4,31,18,41,46,42,16,54,48,12,71,4,56,20,28,35,69,66,32,46,55,21,99,47,44,70,34,4,25,5,24,6,23,3
"F","19","Sad","100",100,48,52,13,0,68,0,88,0,100,51,9,0,100,24,7,0,0,61,94,12,0,0,90,100,0,0,100,0,0,0,0,15,100,0,100,0,0,0,94,68,34,95,23,10,48,0,17,0,94,87,49,14,14,56,0,0,30,0,45,54,43,53,67,90,4,50,0,29,15,0,33,6,94,0,94,0,32,0
"F","28","Sad","94",100,94,63,0,0,57,0,100,0,64,0,50,52,91,94,0,1,0,92,83,0,0,3,83,83,0,0,81,0,0,0,0,18,96,66,96,8,6,0,55,69,68,26,33,2,47,0,79,0,58,28,46,63,71,72,18,0,15,80,67,21,4,26,55,69,11,23,73,0,4,6,0,65,85,20,45,0,24,0
"F","19","Sad","55",63,28,40,20,2,11,19,37,34,24,71,61,13,16,31,36,65,51,78,21,42,44,14,35,27,3,13,60,7,0,86,8,51,46,20,21,20,21,0,42,48,41,32,49,63,23,26,37,26,35,70,43,33,28,57,39,14,28,29,38,36,42,76,27,31,34,44,49,45,64,68,23,37,49,19,18,42,26,6
"F","19","Sad","81",100,20,54,0,0,0,0,80,0,75,0,25,52,100,94,14,24,13,65,100,0,0,0,100,100,0,0,75,0,0,58,0,95,96,0,68,0,0,0,83,100,28,54,46,0,0,0,100,0,100,0,0,70,100,45,35,47,0,77,100,0,0,0,100,98,0,0,84,0,32,40,0,75,63,0,60,0,0,0
"F","19","Sad","46",90,5,11,0,0,77,49,77,0,45,0,2,51,100,65,0,2,0,55,45,1,4,1,100,57,0,1,49,6,0,50,0,76,52,2,58,1,6,0,38,61,6,16,58,16,2,67,77,10,48,1,1,90,7,13,25,78,1,4,7,0,7,22,50,41,6,22,5,2,4,44,0,97,19,1,19,21,46,2
"F","19","Sad","93",93,55,28,5,8,46,2,75,4,33,10,53,4,66,88,5,6,30,89,87,50,71,15,84,36,3,10,31,15,4,7,15,6,90,15,83,5,5,6,64,91,40,12,48,7,30,7,10,17,37,65,83,7,32,17,14,6,53,12,35,91,35,90,70,12,6,90,9,69,4,18,25,26,79,4,68,12,21,3
"F","19","Sad","55",87,32,18,60,39,40,64,20,53,20,18,51,19,19,26,62,34,25,37,71,14,17,78,71,44,10,69,38,72,28,64,2,46,34,16,33,46,11,21,12,27,10,17,36,17,59,11,10,41,13,30,83,28,15,16,43,16,77,25,18,80,62,53,14,10,17,63,12,21,17,42,41,31,13,11,9,42,32,15
"F","19","Sad","72",67,19,18,8,8,49,25,60,4,37,53,40,48,51,27,3,47,24,62,60,39,46,15,60,45,4,12,68,6,7,32,3,49,63,19,55,32,25,5,30,46,11,9,35,8,25,12,31,18,28,37,15,21,22,19,22,8,9,12,19,21,42,18,27,21,4,10,17,15,7,30,3,27,35,4,8,30,27,3
"F","19","Sad","33",83,25,40,5,4,51,0,16,25,37,59,25,4,90,67,2,50,0,37,14,25,57,3,31,4,6,6,58,0,9,0,0,4,41,13,49,64,28,0,51,56,32,19,5,69,70,1,17,21,32,78,47,1,85,20,4,6,9,11,14,55,22,4,6,2,32,2,16,0,6,0,0,7,31,1,52,65,60,2
"F","19","Sad","65",50,55,10,25,5,60,5,25,5,25,10,55,18,50,25,5,10,47,30,50,30,35,5,50,15,35,9,40,10,15,15,15,5,70,25,55,5,25,5,60,30,20,10,50,40,55,5,25,10,10,20,57,15,35,10,40,15,40,25,22,35,15,25,35,10,10,30,45,10,10,5,45,5,55,20,55,10,40,5
"F","19","Sad","60",53,67,33,20,17,57,39,41,18,66,77,27,24,60,47,16,21,26,67,41,75,12,29,37,63,20,38,58,35,25,48,17,28,52,26,57,56,14,19,26,45,21,29,47,61,62,53,30,46,32,85,42,71,27,31,36,27,61,30,12,62,42,74,23,28,23,25,20,55,51,42,44,20,35,28,23,73,44,23
"F","20","Sad","36",72,44,7,15,7,9,19,14,12,20,19,20,9,37,38,16,20,18,80,72,13,6,14,70,25,5,5,30,7,7,7,22,9,22,21,48,39,15,18,20,15,15,10,45,10,15,10,15,25,10,60,15,10,20,10,45,20,30,10,25,30,10,35,15,7,5,11,10,56,5,10,10,5,15,8,10,35,15,10
"F","20","Sad","76",89,84,72,13,1,56,2,61,2,61,2,97,1,88,88,11,3,1,2,32,2,4,2,89,74,1,1,86,1,1,2,3,1,77,0,95,2,1,2,88,78,88,96,10,2,10,3,52,3,53,4,5,3,100,76,5,58,4,85,84,66,4,4,85,78,2,2,47,3,2,2,2,3,90,0,90,9,3,1
"M","22","Angry","22",75,0,0,0,0,17,0,65,0,17,0,4,0,25,0,0,100,0,0,4,0,0,0,0,6,0,0,0,0,0,74,0,7,14,0,9,0,6,0,0,3,0,0,0,0,26,0,0,0,0,0,0,0,32,52,0,0,0,0,0,0,0,0,0,0,5,0,0,0,0,0,0,0,0,0,0,0,18,0
"F","21","Happy","64",54,50,37,16,41,60,1,8,10,51,52,81,1,51,56,35,1,65,59,12,95,38,17,12,31,1,20,46,2,28,2,10,16,62,26,46,9,80,1,56,28,56,35,10,12,56,1,15,4,38,24,68,1,51,61,16,1,37,64,25,85,14,5,25,50,1,1,48,2,8,1,5,5,64,46,63,4,60,1
"F","18","Neutral","59",87,22,57,5,13,7,4,85,6,77,7,6,14,61,14,0,15,9,18,65,10,8,9,85,68,25,20,20,5,30,5,0,65,80,51,68,4,53,5,70,88,54,73,5,10,5,5,90,10,72,5,10,70,67,46,5,10,22,70,88,13,15,5,88,80,10,20,30,5,15,15,0,60,85,70,72,5,20,10
"F","20","Sad","56",31,49,12,60,36,83,8,5,28,21,65,89,8,38,17,73,27,86,32,20,75,63,38,14,22,14,90,51,32,11,18,43,3,50,19,63,14,85,15,25,71,9,12,79,55,24,25,10,75,10,65,78,6,16,6,75,89,18,13,25,79,65,82,16,25,72,77,13,28,56,52,19,32,23,24,22,74,69,24
"F","19","Angry","91",82,79,42,12,20,0,5,92,2,90,4,4,16,84,25,4,5,1,91,82,2,1,15,93,68,1,6,87,20,1,84,1,12,70,74,74,2,2,3,73,91,28,54,9,17,35,7,38,2,43,11,17,5,44,55,9,7,8,43,53,8,12,43,59,58,6,3,48,5,27,16,5,5,39,38,45,3,14,4
"F","25","Happy","50",52,31,32,5,52,75,26,30,26,49,41,93,19,70,60,14,33,37,49,16,70,92,46,44,57,15,25,51,24,15,60,83,59,87,32,50,6,66,6,82,67,56,71,15,22,15,21,58,22,64,15,55,72,60,72,14,23,17,76,48,35,28,25,28,71,15,13,75,20,13,13,13,39,77,64,80,4,13,5
"F","21","Neutral","85",90,85,90,65,5,10,5,60,50,85,5,10,5,25,50,5,5,35,59,5,5,15,10,7,80,5,5,95,5,10,5,5,50,55,5,55,5,5,5,85,95,49,95,5,5,5,5,50,5,90,5,5,5,90,52,5,5,5,70,90,5,5,5,95,75,5,5,75,5,5,5,5,5,70,5,71,5,3,5
"F","31","Sad","80",64,60,78,20,50,75,36,30,5,70,81,51,23,61,90,15,5,30,89,30,18,5,13,49,85,10,19,79,7,10,20,9,38,82,58,80,37,79,8,65,77,72,74,20,38,72,11,63,7,77,86,57,15,69,86,5,7,27,60,61,33,6,60,61,68,13,11,62,7,7,9,10,17,75,52,59,27,25,12
"F","28","Angry","25",61,15,2,10,4,25,4,40,6,30,6,5,7,84,17,67,91,4,7,30,30,29,17,7,76,5,8,22,63,5,54,4,30,8,6,7,7,9,7,4,62,6,9,12,10,15,37,46,12,17,9,11,10,65,10,57,80,9,6,20,25,9,9,39,21,10,7,20,31,11,56,5,52,10,10,9,10,8,10
"F","49","Happy","85",85,65,45,6,8,81,10,82,4,78,18,34,46,56,71,2,7,19,85,87,13,7,6,85,80,4,5,65,6,13,6,5,6,56,24,68,4,4,4,91,86,87,15,5,5,15,4,36,4,23,3,4,2,5,21,2,3,3,59,48,3,5,4,87,20,3,3,36,3,3,3,3,4,78,16,78,3,4,3
"F","22","Neutral","72",75,62,10,5,15,30,5,75,5,55,15,20,40,42,75,5,5,10,65,77,6,15,5,77,75,5,5,50,5,3,5,2,15,79,3,78,3,6,3,85,85,65,15,5,5,50,2,15,2,50,11,5,38,55,70,5,2,5,70,65,4,20,2,61,55,2,2,70,2,2,2,6,6,75,1,75,1,10,1
"F","21","Sad","81",44,80,12,13,0,36,0,71,0,52,0,16,24,17,58,4,5,26,50,48,15,0,0,48,50,0,5,55,0,5,5,0,5,55,15,55,0,5,0,80,30,75,10,10,0,10,10,35,0,10,0,10,25,5,30,0,55,10,55,45,10,0,0,15,40,0,0,50,0,0,10,0,10,45,20,35,0,0,0
"F","25","Angry","70",43,74,51,24,34,6,2,17,17,73,14,32,23,52,49,5,10,23,58,36,28,27,17,40,60,7,9,66,4,6,17,3,7,70,59,61,25,23,6,16,9,14,12,6,77,35,12,6,48,7,93,87,58,6,70,3,4,77,8,4,71,80,84,4,16,80,56,8,24,15,20,31,8,6,11,9,81,74,64
"F","20","Happy","50",45,35,80,0,5,45,0,10,0,75,0,5,5,50,0,0,0,5,15,40,0,0,0,40,80,0,0,20,0,0,0,0,5,50,0,20,0,0,0,55,35,50,80,0,0,0,0,30,0,75,0,0,0,0,40,0,0,0,25,40,0,0,0,50,70,0,0,25,0,0,0,0,0,55,35,40,0,0,0
"M","22","Neutral","35",23,14,0,15,0,45,0,13,0,10,0,24,0,12,0,5,0,23,0,17,18,0,0,19,0,0,0,0,4,0,0,0,0,3,0,3,0,6,0,0,4,14,0,0,0,31,0,0,0,0,0,23,10,0,8,0,0,10,0,0,10,15,0,0,0,0,6,0,6,0,0,0,0,0,0,0,0,10,0
"F","27","Sad","44",47,28,13,34,27,66,14,31,40,15,77,69,14,9,36,75,50,70,42,22,75,57,83,33,16,23,23,43,40,36,75,25,61,38,18,35,73,66,35,27,27,19,13,49,47,57,58,30,62,14,89,57,34,14,29,60,26,35,22,22,82,47,75,41,17,35,48,37,62,66,63,32,48,40,14,22,80,73,29
"F","19","Angry","77",91,67,30,8,0,2,0,68,0,32,3,46,0,53,53,0,0,6,82,47,53,6,0,71,21,4,5,74,0,0,0,5,5,81,0,81,5,13,0,80,75,55,10,15,5,10,10,60,5,15,15,35,43,50,10,5,5,10,65,51,25,10,35,50,20,15,10,80,5,10,5,5,10,65,15,65,5,10,5
"F","28","Happy","20",5,8,7,62,5,70,42,4,18,16,52,32,6,43,3,7,1,48,13,17,36,80,5,3,9,10,48,18,4,4,2,6,29,11,6,5,35,0,0,6,15,19,7,9,11,15,2,20,4,8,14,23,11,15,29,25,4,11,29,9,3,27,4,18,9,4,7,20,6,15,3,6,9,26,13,23,7,8,1
"F","40","Neutral","35",51,48,51,70,68,31,8,20,62,33,64,11,3,58,79,58,4,14,61,38,7,42,15,19,20,23,43,22,20,64,5,3,8,24,12,15,38,47,11,44,53,43,27,15,27,15,14,44,11,44,16,12,8,29,31,18,5,18,25,39,6,11,7,47,42,10,5,36,15,23,5,6,10,14,25,14,20,13,7
"F","20","Sad","24",82,46,82,0,0,0,0,84,0,83,0,17,0,79,52,19,45,0,0,55,0,0,0,86,84,0,0,50,0,0,23,0,7,0,0,0,0,0,0,0,69,17,80,0,30,0,0,59,0,74,0,12,0,71,0,13,40,9,0,70,0,0,0,54,40,3,0,0,13,15,47,0,19,0,0,0,0,0,0
"F","22","Angry","82",15,74,11,16,3,89,9,28,16,36,48,60,5,11,69,5,4,24,28,18,81,61,34,20,20,16,9,15,28,29,9,24,29,57,46,42,25,30,20,46,64,33,15,10,28,21,27,31,49,18,63,13,32,43,20,14,57,10,41,28,28,19,12,47,29,18,5,37,53,30,40,20,18,39,20,40,40,9,5
"F","27","Happy","65",26,35,38,14,50,46,27,23,43,31,26,72,9,87,20,59,9,29,52,32,72,62,80,18,38,25,19,36,9,17,20,9,14,56,62,13,20,18,9,68,67,65,14,10,53,15,9,53,15,30,9,62,6,74,17,18,5,7,43,65,52,31,8,49,59,9,6,40,6,12,3,7,6,44,16,40,23,6,4
"F","23","Neutral","78",3,53,10,33,0,89,0,32,0,31,53,4,12,50,82,5,12,34,55,18,13,1,0,36,54,18,21,83,40,1,0,0,0,81,42,81,22,8,0,50,12,34,0,34,0,45,3,6,0,2,64,47,8,5,52,2,0,46,10,4,65,13,8,3,2,0,66,15,2,0,9,4,44,44,44,44,79,68,0
"M","29","Sad","70",100,27,33,50,0,88,84,95,24,99,7,7,2,90,51,30,80,2,49,95,0,0,0,99,90,0,0,91,0,0,58,0,25,49,9,81,0,0,0,73,91,15,49,1,0,52,4,99,4,86,6,0,0,0,1,9,5,6,57,83,6,0,0,90,58,0,0,90,0,0,11,0,9,45,18,45,0,4,0
"F","21","Angry","56",86,30,20,0,0,30,16,85,0,58,0,0,30,50,40,0,5,0,25,51,3,0,35,50,84,0,0,38,0,0,33,0,18,34,5,29,0,3,0,85,40,43,15,0,0,20,15,55,0,55,0,0,40,30,55,0,0,0,36,57,0,0,0,55,20,0,0,25,0,0,10,0,15,30,25,35,0,0,0
"F","24","Happy","57",63,37,18,9,1,0,1,79,4,82,64,0,6,64,24,2,0,0,25,79,0,72,3,65,26,6,0,6,6,5,1,0,12,11,21,11,15,0,4,39,15,22,7,11,1,36,0,16,6,6,30,32,30,47,59,1,0,10,2,2,28,17,24,9,7,2,19,5,1,0,0,8,1,15,6,15,19,20,2
"F","24","Neutral","65",63,60,17,20,23,69,35,79,17,75,7,27,41,72,72,9,14,39,63,61,24,13,18,59,55,7,26,61,23,8,17,27,10,65,53,58,29,19,3,59,32,62,49,19,31,91,8,27,7,57,31,34,81,64,70,11,14,45,57,33,46,45,30,25,34,32,19,44,14,10,12,46,6,53,63,49,54,38,4
"F","19","Sad","40",29,10,6,57,29,80,48,25,18,25,74,100,0,100,0,41,75,100,0,25,82,81,15,8,0,82,0,17,0,53,20,0,21,33,0,0,51,72,35,0,0,0,0,52,30,10,54,0,6,0,78,73,0,100,0,11,9,100,0,0,63,100,15,0,0,58,60,0,0,56,0,19,9,0,0,0,26,51,51
"M","21","Angry","33",76,37,40,54,51,36,74,41,51,38,18,25,23,56,25,40,60,22,36,41,28,48,17,16,48,55,14,33,36,53,62,30,69,36,30,36,41,18,17,14,30,24,24,31,42,58,16,50,30,59,23,23,36,61,43,32,62,20,18,67,29,30,18,66,58,71,24,30,36,64,64,26,41,39,28,37,21,58,61
"F","20","Happy","84",23,65,2,9,15,24,1,24,15,2,64,82,2,23,57,7,2,81,79,4,79,53,66,21,12,4,4,65,16,2,4,20,91,89,2,85,78,65,1,65,7,38,2,13,2,38,1,2,11,2,83,84,39,2,25,19,2,86,17,4,84,72,63,2,2,1,73,3,9,2,2,45,42,29,3,28,82,71,2
"F","22","Neutral","37",75,42,15,13,25,4,13,83,21,62,15,16,20,78,67,14,28,25,62,70,20,18,27,80,61,7,5,46,31,13,13,6,10,57,14,45,19,20,9,64,41,60,10,10,9,17,9,58,13,61,20,24,42,58,63,5,9,31,64,38,23,11,10,50,59,9,6,40,5,9,10,13,6,70,59,55,10,33,21
"F","36","Sad","72",90,43,63,10,4,78,9,81,4,79,9,5,0,10,66,4,6,10,75,83,5,18,14,67,67,0,0,75,2,0,0,0,8,69,6,80,3,7,0,45,75,52,52,55,9,46,13,71,15,67,11,19,8,10,65,16,0,4,55,62,20,20,32,66,47,4,14,29,11,13,0,2,9,64,4,59,13,10,0
"M","21","Angry","62",5,5,5,5,5,5,5,75,5,47,5,12,5,3,5,0,5,14,40,73,5,0,10,72,81,0,8,45,0,6,9,0,10,60,0,60,0,60,0,45,50,15,10,5,10,20,10,50,6,5,25,15,5,15,5,10,0,30,30,15,20,5,10,30,10,11,15,14,10,18,10,15,25,24,15,24,10,13,10
"F","20","Happy","74",86,70,3,3,6,9,13,1,11,19,0,90,0,28,18,39,1,39,12,17,100,96,50,25,60,2,100,56,9,1,0,58,12,39,24,47,6,81,1,73,85,66,63,25,98,1,0,65,35,28,0,91,0,48,25,13,18,2,13,80,93,24,64,70,35,42,97,58,9,27,0,1,55,36,26,74,42,27,0
"F","19","Neutral","57",58,42,16,22,62,18,52,41,13,50,72,56,39,65,49,10,17,65,49,27,46,68,13,30,52,27,57,55,64,24,28,59,48,56,54,56,40,52,9,68,63,65,39,22,63,15,15,67,7,61,47,42,74,66,62,10,11,43,84,55,26,58,13,60,51,7,17,62,13,7,18,20,17,56,38,50,11,25,3
"F","19","Sad","28",38,16,27,9,9,77,4,9,19,9,65,60,6,78,80,19,5,64,35,12,63,83,67,21,23,18,28,50,36,19,3,35,60,57,7,55,31,67,0,9,89,9,2,23,26,20,2,27,35,4,83,34,1,11,2,29,33,37,13,24,21,16,77,61,2,2,12,11,71,2,78,14,26,10,0,10,72,34,0
"F","22","Angry","51",0,100,0,57,100,49,68,6,43,28,0,75,0,100,100,0,0,76,6,0,90,0,90,0,0,26,91,0,12,60,0,74,5,0,5,0,53,59,6,0,0,100,0,89,100,71,40,0,65,0,0,85,16,100,86,6,0,86,0,0,100,7,94,0,0,76,92,0,39,92,0,86,18,0,0,0,85,91,37
"F","28","Happy","68",72,55,44,10,13,52,25,68,7,45,19,30,5,49,54,5,21,10,71,69,12,8,10,69,52,4,6,53,20,23,17,7,16,83,11,61,14,16,11,63,72,55,48,12,20,19,18,54,8,46,9,22,13,57,49,13,17,13,62,79,16,7,14,70,46,6,9,57,24,10,19,9,20,72,18,65,12,10,18
"F","21","Neutral","62",34,44,13,14,25,58,15,23,6,34,22,57,27,18,31,8,16,26,20,12,28,20,18,24,48,20,17,31,9,34,17,11,28,43,14,51,40,28,13,25,63,45,28,13,20,18,17,28,9,33,17,25,27,29,58,5,18,33,51,46,20,15,21,54,33,21,16,24,12,19,18,26,51,31,25,34,22,17,10
"F","21","Sad","55",86,20,1,5,2,85,2,46,5,55,6,85,2,9,93,3,10,25,65,64,90,5,2,72,50,2,2,89,15,3,5,1,75,79,3,66,4,18,2,75,80,15,5,20,5,30,5,60,10,15,25,45,5,35,70,5,5,20,20,45,60,5,5,50,25,35,5,65,5,10,15,5,65,65,5,25,10,25,5
"M","23","Angry","47",0,33,0,7,0,15,0,43,0,39,3,37,5,49,20,14,7,8,10,39,11,18,12,43,30,4,2,51,5,3,2,3,25,47,5,30,10,15,2,55,20,53,38,2,3,9,7,51,7,51,7,3,50,62,34,3,8,3,40,63,6,2,6,50,41,5,3,49,3,0,3,0,8,0,2,0,3,0,2
"F","18","Happy","100",14,100,15,32,23,47,11,61,27,58,61,14,0,47,38,20,0,34,88,39,23,37,18,63,25,10,14,60,20,26,9,38,17,47,12,54,17,30,30,76,36,47,16,14,17,3,28,58,17,28,13,11,18,42,16,9,0,14,22,56,20,9,13,45,23,8,9,57,12,10,20,8,29,35,9,51,6,8,14
"F","20","Neutral","60",25,0,0,5,5,35,10,0,0,0,0,90,0,0,0,65,0,85,0,0,56,0,0,0,0,0,0,0,85,0,0,10,90,0,0,0,50,80,0,45,80,0,0,0,0,10,0,60,0,30,0,0,0,30,0,0,0,0,20,45,0,0,0,80,15,0,0,65,0,0,0,0,90,25,0,25,0,0,0
"F","24","Sad","79",75,83,41,11,13,2,31,59,10,59,19,15,9,61,30,4,40,13,79,64,22,5,12,64,74,3,3,68,13,4,29,0,6,80,10,80,6,20,0,52,46,27,19,26,14,3,39,14,18,35,53,6,3,34,77,15,4,48,20,7,32,42,22,19,24,29,3,48,3,7,11,2,16,57,2,60,2,21,5
"F","18","Angry","55",55,50,5,5,0,10,10,65,5,15,0,0,0,20,5,5,0,50,46,19,20,0,0,23,20,0,0,16,0,15,25,5,55,55,20,60,10,5,0,55,45,45,5,15,15,15,15,45,5,5,15,5,0,10,30,5,10,10,52,40,6,5,24,40,5,0,0,20,5,2,23,12,57,44,45,52,6,9,0
"F","23","Happy","28",37,17,12,7,48,50,44,17,10,60,12,33,2,35,49,62,2,7,21,29,70,86,63,27,2,3,50,14,100,20,86,18,56,12,1,22,25,56,0,24,37,49,13,4,24,66,2,16,8,26,7,37,7,38,32,9,27,14,31,15,31,53,22,25,39,4,29,25,34,10,6,8,73,33,5,46,25,56,0
"F","23","Neutral","72",35,65,30,19,25,60,10,25,15,25,30,21,10,30,40,18,10,29,50,44,20,55,20,15,30,15,25,27,25,32,10,20,10,63,15,65,35,25,9,80,60,35,25,15,15,15,10,60,15,55,15,15,20,20,30,15,10,15,60,60,10,15,10,65,50,10,10,20,10,10,10,10,10,65,25,65,10,10,10
"F","50","Sad","100",41,94,0,0,0,86,0,98,0,12,0,0,0,68,68,0,0,5,99,93,0,0,0,92,50,0,0,90,0,0,0,0,0,53,0,98,0,0,0,85,98,1,0,57,34,0,0,0,12,54,12,0,24,59,0,0,41,0,98,91,0,0,0,78,47,0,0,0,0,0,10,0,0,0,0,0,0,0,0
"F","24","Angry","76",38,88,12,9,26,34,5,53,0,6,40,86,15,54,79,6,0,86,62,13,70,3,0,35,47,4,0,68,9,46,27,5,0,69,57,74,0,5,0,59,78,67,15,30,87,47,20,19,7,7,12,80,7,10,74,56,63,64,31,9,82,30,71,46,12,63,0,5,53,73,7,0,0,37,20,28,28,85,7
"F","19","Happy","60",55,30,40,5,10,60,10,20,10,20,4,30,10,50,30,10,15,25,25,10,25,5,29,11,15,5,15,15,5,10,5,5,10,45,10,45,15,15,5,65,60,25,30,10,5,10,5,35,10,30,10,10,15,30,25,5,5,10,40,55,10,10,5,35,25,5,5,30,5,10,10,5,10,45,20,40,10,10,3
"F","21","Neutral","56",50,39,6,48,33,59,2,34,2,1,3,85,24,12,8,12,3,75,59,32,72,75,39,32,5,45,27,37,4,14,2,32,5,61,16,61,3,66,2,65,68,25,2,7,3,7,1,16,2,1,1,5,11,3,17,0,3,5,43,54,3,4,3,56,4,0,3,54,3,2,2,3,2,46,3,43,2,3,2
"F","21","Sad","28",19,5,31,0,0,18,60,18,0,27,18,26,0,59,0,0,61,22,16,21,26,0,4,9,56,46,0,19,10,33,24,0,84,22,52,21,10,78,0,14,4,0,24,14,5,16,56,24,0,41,0,15,0,40,0,16,51,17,0,1,22,0,0,5,5,15,0,20,7,5,0,20,40,5,0,5,0,61,8
"F","19","Angry","73",78,82,9,22,2,53,7,51,3,31,31,23,17,45,35,6,4,22,57,50,9,4,9,67,29,0,3,55,4,1,9,1,12,61,12,65,4,3,2,68,71,38,5,20,15,36,5,24,9,13,36,27,6,5,32,6,52,2,16,35,6,2,11,33,24,8,11,28,5,13,20,2,10,43,2,54,3,9,2
"F","20","Happy","58",10,19,4,20,95,28,54,2,18,10,27,94,56,1,22,26,11,47,21,18,46,97,72,7,23,4,59,14,90,56,78,67,4,64,18,47,89,76,44,64,52,52,47,15,60,29,41,45,4,47,2,57,10,4,10,27,53,66,68,24,50,89,74,39,12,2,9,16,96,88,85,47,9,73,5,60,98,59,2
"F","19","Neutral","66",63,55,27,16,10,20,10,37,10,53,23,36,23,49,37,9,7,25,62,47,26,12,15,57,48,10,16,59,9,9,20,20,20,57,31,68,31,17,7,68,73,58,28,9,11,31,20,48,10,48,15,14,70,59,61,6,12,15,38,74,12,12,20,63,62,12,11,68,11,18,25,8,18,62,25,65,13,15,9
"F","19","Sad","75",23,50,23,20,11,76,11,25,11,25,48,76,11,18,35,17,11,76,35,16,60,17,15,16,15,9,26,63,7,8,7,41,19,63,10,56,31,61,4,49,13,12,13,40,13,7,28,7,21,17,14,24,31,21,16,29,4,10,13,19,13,19,20,10,14,11,14,15,17,11,6,11,15,44,6,43,6,11,6
"F","22","Angry","89",85,66,61,0,0,15,14,96,0,96,23,4,3,52,60,0,0,0,59,92,0,10,0,78,76,0,0,67,4,0,0,0,10,84,43,84,0,0,0,63,73,56,50,3,30,16,23,47,0,49,35,13,24,35,35,0,56,0,46,51,0,4,12,44,52,16,0,17,45,20,52,0,42,47,0,47,0,30,0
"F","19","Happy","74",84,58,35,4,7,31,8,42,2,24,8,30,24,48,59,8,5,18,82,59,16,22,13,50,44,1,11,79,17,2,21,8,25,78,15,80,19,20,1,84,77,71,31,3,4,15,2,33,0,26,8,18,29,27,56,2,3,12,75,75,15,10,12,76,28,0,2,5,4,0,7,3,4,70,0,66,8,7,0
"F","21","Neutral","41",92,60,49,25,7,60,67,80,12,70,9,25,1,70,68,28,50,9,50,72,38,8,9,74,71,2,2,46,25,2,25,1,15,54,3,44,35,41,2,61,93,58,38,7,3,51,9,75,7,35,4,7,1,76,54,9,43,1,9,76,23,5,8,72,68,1,1,11,32,1,66,1,60,65,3,48,45,4,1
"F","21","Sad","70",10,55,17,5,40,10,0,5,0,15,15,0,0,17,25,0,0,5,24,42,14,18,0,40,23,10,0,25,5,12,0,0,0,35,0,35,0,0,5,20,0,0,10,25,20,15,5,0,5,10,15,31,15,5,0,5,0,10,0,0,32,15,30,0,0,10,10,0,10,25,0,0,0,0,0,0,10,0,0
"F","20","Angry","59",90,37,52,12,4,81,9,65,7,65,2,83,11,88,83,7,8,18,69,57,26,4,7,90,52,0,3,41,20,7,4,2,2,79,7,79,2,26,0,23,12,91,20,75,91,94,3,8,86,12,98,95,93,15,88,81,3,79,2,8,96,94,76,9,4,95,32,2,66,98,2,78,1,2,37,3,94,99,68
"F","20","Happy","77",87,62,51,12,7,14,4,86,9,83,6,25,15,83,91,4,7,16,85,88,45,4,4,88,85,4,10,90,5,15,5,7,10,87,20,82,3,6,2,85,91,79,76,4,6,4,2,83,6,84,3,6,27,87,79,2,2,3,86,78,8,1,2,83,87,2,3,90,4,2,2,2,16,93,31,93,4,3,1
"F","19","Sad","70",10,55,27,3,48,1,2,41,2,52,7,52,1,78,51,2,1,9,60,50,36,19,43,31,72,14,1,29,2,24,1,1,1,88,49,61,12,3,2,6,61,4,4,47,2,35,1,1,4,1,54,1,1,1,1,19,6,1,1,4,4,1,36,11,14,1,4,1,4,1,30,1,6,6,1,1,22,2,1
"F","20","Angry","80",74,10,5,4,3,48,2,83,6,81,2,3,1,84,16,12,93,1,13,93,2,1,35,83,90,3,3,70,24,8,89,1,100,16,1,15,1,2,0,73,66,16,6,26,1,1,10,83,10,87,88,1,3,93,3,3,84,1,8,94,1,1,93,92,79,15,1,43,79,20,77,1,99,11,2,9,2,1,0
"M","20","Happy","49",67,85,49,60,68,50,23,12,26,46,24,77,26,14,48,45,23,65,64,34,67,71,55,28,23,20,66,48,66,18,20,62,25,64,34,57,76,14,4,68,70,62,22,43,20,24,16,11,6,22,24,66,35,51,74,15,61,52,64,51,70,72,40,24,25,12,62,28,67,64,8,71,14,73,48,76,30,56,5
"M","19","Neutral","66",11,55,18,11,13,4,0,64,0,49,9,29,0,48,42,5,0,37,45,18,0,0,0,49,52,0,0,36,0,0,0,0,10,68,0,67,0,17,0,63,23,57,21,0,4,26,0,25,0,44,0,0,0,43,52,0,0,5,53,25,0,0,0,35,53,0,0,40,0,0,0,0,0,46,7,51,0,0,0
"F","18","Sad","49",47,48,10,18,7,6,10,31,5,31,8,63,7,24,23,5,14,15,33,43,42,53,21,30,36,4,6,29,8,0,10,0,6,0,12,0,7,0,7,8,39,8,8,49,9,8,22,56,20,12,10,35,23,12,12,17,50,18,13,34,19,12,29,41,14,6,22,7,8,16,9,12,10,16,12,16,10,23,11
"F","19","Angry","12",8,22,4,38,5,48,9,7,13,1,29,80,9,51,19,34,11,72,38,12,95,61,19,22,22,7,39,8,27,6,17,24,12,23,21,22,41,29,18,10,6,23,11,15,30,32,5,10,5,6,21,46,39,4,10,19,10,28,1,9,61,33,41,7,8,29,45,5,32,60,0,27,7,9,5,8,47,61,29
"F","19","Happy","33",56,43,11,25,9,54,6,17,6,6,47,55,70,30,62,22,36,65,68,17,15,30,2,24,8,4,6,29,10,10,28,2,85,28,5,13,75,2,2,42,36,9,12,12,12,16,8,62,15,9,20,13,9,17,50,19,10,17,59,46,24,7,10,52,30,5,10,6,8,8,9,9,8,63,31,48,38,9,6
"M","22","Neutral","73",88,88,92,2,10,75,4,83,0,94,0,17,0,93,88,0,13,0,49,71,5,14,0,61,62,10,0,58,0,0,7,0,0,73,53,70,0,0,4,80,74,98,82,0,11,63,6,76,0,62,0,0,0,72,82,0,4,0,66,61,0,0,0,84,77,0,0,77,0,0,0,0,0,88,71,89,0,0,1
"F","19","Sad","55",75,25,10,5,5,0,0,65,0,60,0,55,0,85,15,5,10,15,5,5,78,5,0,5,15,0,0,0,0,0,0,0,25,30,0,0,0,20,0,0,0,0,0,80,15,0,0,0,6,0,0,38,55,0,10,15,0,0,0,0,90,0,36,0,0,25,30,0,0,45,0,5,0,0,0,0,5,10,0
"F","19","Angry","88",4,67,50,11,46,97,0,76,4,76,14,34,0,70,92,7,0,17,99,88,37,97,10,12,68,0,0,57,0,14,0,12,14,75,0,33,0,13,0,62,36,60,42,10,38,98,0,31,16,46,18,20,16,64,84,6,5,42,50,3,20,95,16,13,53,39,20,49,0,0,58,0,23,38,0,23,14,51,0
"F","24","Happy","57",57,21,50,11,10,35,46,54,7,72,37,26,65,67,35,9,52,26,38,44,60,5,10,32,75,5,25,35,20,8,40,5,90,25,15,60,10,69,5,80,85,45,80,5,25,35,10,75,5,80,20,30,60,45,50,10,15,20,75,75,40,5,10,70,55,5,5,60,30,15,25,10,50,45,45,60,15,20,10
"F","21","Neutral","43",74,21,25,58,64,72,42,17,63,17,52,97,1,14,2,55,0,74,26,7,80,54,10,5,3,0,43,19,56,6,4,55,58,20,4,10,9,59,0,43,66,18,20,50,9,54,0,27,37,7,23,47,9,44,52,59,6,49,52,35,74,35,3,20,44,0,10,40,35,5,5,20,15,45,43,44,5,46,0
"M","24","Sad","39",23,52,42,71,73,75,35,80,40,78,5,55,22,55,18,54,83,29,70,70,6,58,0,53,79,7,0,85,9,2,0,0,100,52,45,40,0,23,0,46,50,75,48,58,55,78,28,84,13,83,9,3,4,63,69,46,80,7,49,59,13,78,6,62,48,0,0,84,2,11,0,0,76,33,10,18,0,65,0
"F","19","Angry","80",50,65,10,10,0,25,0,24,0,50,10,70,0,45,60,0,0,50,15,5,80,5,20,3,30,0,5,70,0,0,5,0,0,75,25,75,25,10,0,70,55,70,25,5,10,20,0,10,0,35,5,50,0,15,30,0,5,28,40,10,50,1,15,8,51,11,2,20,0,9,6,16,0,57,18,57,21,35,3
"F","21","Happy","32",20,24,80,45,2,51,2,5,15,11,2,63,2,10,33,35,2,85,11,17,75,30,0,17,12,2,7,5,3,4,13,14,20,10,1,14,20,45,47,53,11,53,95,7,3,31,2,45,9,12,2,48,17,6,24,3,1,40,34,14,59,5,2,22,9,2,4,27,4,2,1,4,19,17,7,56,28,36,17
"F","19","Neutral","82",50,60,25,6,4,47,2,66,2,41,7,20,4,63,19,5,3,20,44,46,4,14,8,46,72,7,5,61,18,10,20,5,5,80,58,71,5,20,5,77,33,77,21,5,11,70,3,38,3,52,4,24,6,30,16,3,3,16,39,32,27,3,8,35,36,3,8,50,2,18,6,2,2,67,22,72,3,9,3
"F","30","Sad","48",50,48,0,28,74,87,0,49,0,49,17,100,45,36,44,0,44,100,42,47,96,65,0,45,45,0,62,47,0,0,45,85,72,48,0,33,0,48,0,20,13,22,0,35,48,43,0,0,48,0,47,0,46,0,0,38,66,39,0,0,47,0,57,7,39,0,56,45,42,47,57,48,12,0,0,0,45,0,0
"F","19","Angry","62",55,56,25,23,16,19,11,46,16,46,8,52,22,61,28,15,22,37,64,51,28,61,23,49,47,11,8,37,10,11,29,11,11,30,18,62,7,27,7,10,15,10,11,35,27,12,33,13,29,23,19,53,22,21,9,39,16,41,9,14,42,43,23,26,13,21,5,16,58,15,62,11,35,21,6,22,14,33,25
"M","30","Happy","55",9,31,54,5,6,68,31,25,17,70,42,60,7,15,13,48,16,46,70,5,51,6,28,12,50,6,18,66,7,7,7,16,4,52,28,60,42,53,6,50,60,55,61,7,7,47,33,31,7,67,20,30,15,36,20,6,30,34,45,12,23,15,16,32,45,5,8,60,15,10,23,11,23,49,14,54,7,35,7
"F","44","Sad","20",90,5,5,45,5,95,55,50,35,5,40,5,5,100,5,35,5,10,5,5,85,5,85,5,5,5,5,25,80,95,5,5,5,15,5,5,95,5,5,5,5,5,10,55,20,5,5,5,55,5,20,35,80,95,5,85,5,10,5,5,10,15,50,5,5,5,25,5,5,25,5,10,5,5,5,5,30,20,5
"F","20","Angry","90",81,46,36,2,35,6,2,79,2,64,2,6,11,70,32,3,12,5,60,84,14,3,8,87,85,2,2,69,2,2,9,1,22,74,21,75,3,2,3,48,33,66,53,3,36,14,3,29,3,70,3,15,6,10,57,5,4,34,71,29,4,18,25,54,71,47,3,34,3,45,3,6,10,55,25,55,3,23,26
"F","19","Neutral","61",60,20,12,15,39,65,6,70,27,10,78,70,3,48,12,40,42,74,63,20,66,86,6,10,9,5,3,42,33,12,87,9,87,27,51,35,12,78,6,56,45,15,12,18,21,18,18,27,21,21,9,72,9,6,18,21,48,27,24,6,54,75,18,12,15,9,48,42,15,18,69,12,78,15,21,27,18,51,12
"F","22","Sad","87",33,51,24,100,25,53,16,45,22,9,71,55,21,27,51,38,6,47,100,24,55,13,16,35,36,40,20,48,42,10,3,19,4,17,14,59,45,21,1,0,0,0,18,100,45,16,5,0,61,11,82,37,5,1,5,87,0,48,0,31,47,21,38,1,11,84,33,7,86,9,20,48,15,31,5,0,15,12,0
"M","19","Angry","83",94,78,57,27,38,61,15,68,6,53,18,21,7,59,23,19,3,0,44,95,5,0,14,95,76,0,0,35,0,0,35,0,0,72,12,72,0,0,0,26,15,79,60,22,51,4,0,42,44,52,32,0,0,7,65,6,0,0,0,0,0,78,53,0,24,93,0,2,69,96,19,0,0,0,4,0,6,6,32
"F","20","Happy","20",0,6,7,15,20,39,18,8,20,1,29,39,2,38,0,14,0,40,0,0,69,0,0,2,1,6,19,0,50,17,63,17,4,9,0,9,76,0,0,37,15,20,3,8,3,12,0,31,3,10,18,2,42,1,6,6,0,7,24,0,39,0,0,33,12,0,0,15,6,9,3,0,0,30,36,30,39,0,0
"F","19","Neutral","63",99,47,24,24,33,34,45,68,3,78,6,14,1,68,14,27,75,5,23,82,0,29,4,69,74,0,0,44,19,24,49,0,68,42,16,31,3,15,0,32,69,29,39,12,66,26,45,53,25,63,20,3,5,57,15,10,75,6,30,35,10,9,10,68,75,3,10,36,25,39,75,3,76,30,17,6,10,27,0
"F","20","Sad","62",69,36,59,51,25,44,4,78,36,83,55,34,63,80,21,46,5,61,37,74,7,66,6,74,58,12,48,68,4,21,36,7,40,48,25,62,7,40,7,9,9,5,7,87,66,23,4,12,47,14,65,77,27,6,9,67,5,49,13,10,52,81,71,13,14,50,60,7,70,43,39,25,8,5,11,13,55,69,52
"F","21","Angry","87",44,58,61,3,40,3,4,67,4,67,5,59,37,60,59,3,8,32,58,12,37,3,5,31,81,3,12,31,5,3,8,3,5,60,5,74,5,37,5,10,10,10,30,37,58,43,11,9,47,51,23,56,5,51,29,62,5,55,6,6,61,46,68,11,16,69,25,15,35,69,6,32,2,19,40,12,53,70,9
"M","22","Happy","90",68,42,68,2,4,0,0,91,4,90,0,1,1,100,52,0,10,0,87,77,0,0,0,93,100,2,4,42,0,13,2,0,28,89,49,89,1,2,0,98,85,72,38,0,0,0,1,78,1,89,0,2,11,100,83,0,1,0,84,77,0,0,9,78,100,0,0,79,0,2,0,0,39,90,69,87,0,0,0
"F","22","Neutral","39",31,31,26,0,0,47,0,34,0,48,13,71,0,41,20,0,0,75,5,12,83,27,0,10,14,5,26,0,9,9,5,0,33,28,0,14,49,31,0,78,22,32,60,0,0,66,0,52,0,64,0,17,0,40,30,0,0,10,66,69,0,1,0,92,53,0,0,67,0,0,0,0,0,78,37,31,10,31,0
"F","19","Sad","73",79,50,33,9,9,50,9,50,9,50,9,73,30,60,65,9,9,31,52,49,10,9,7,49,65,3,5,64,5,7,7,5,19,81,19,81,13,62,5,73,13,14,7,73,32,60,8,24,59,24,59,38,59,23,59,58,10,49,10,11,27,31,60,12,19,12,42,12,11,12,1,12,1,12,7,12,26,48,8
"M","22","Angry","91",81,25,15,26,5,67,0,51,2,72,28,81,0,100,49,13,2,48,36,48,52,11,4,70,62,1,0,65,88,0,20,0,90,57,25,94,14,19,0,50,57,60,17,5,41,40,6,30,4,52,2,59,1,91,17,7,1,23,2,39,37,0,1,59,53,64,1,16,40,10,3,14,66,25,1,25,11,28,3
"F","20","Happy","30",71,15,26,15,16,40,17,15,18,15,50,70,7,20,9,60,36,39,11,13,83,70,73,17,21,12,17,18,53,24,67,44,68,14,7,15,55,0,9,13,68,11,20,11,23,31,20,45,25,23,53,20,7,29,14,32,69,24,13,49,68,41,31,58,22,12,13,10,35,22,56,17,66,25,15,16,68,31,5
"F","35","Neutral","65",90,66,53,0,0,54,0,85,0,85,0,0,0,0,74,0,0,0,60,95,0,0,0,82,86,0,0,81,0,0,0,0,0,80,31,80,0,0,0,63,54,44,0,0,0,76,0,53,0,53,0,0,0,71,31,0,0,0,34,33,0,0,0,30,37,0,0,0,0,0,0,0,0,58,0,58,0,0,0
"F","20","Sad","70",96,28,24,0,0,5,0,82,0,50,0,0,0,48,67,0,71,0,46,78,0,4,0,91,75,0,0,77,0,0,56,0,26,62,0,56,0,7,0,19,74,7,0,6,2,0,0,56,0,48,0,0,43,64,6,5,40,0,3,73,0,0,4,52,51,0,0,28,0,0,53,0,42,49,0,44,0,1,0
"M","27","Angry","84",88,22,76,22,89,50,15,63,8,67,57,28,31,74,8,10,13,24,78,41,37,50,83,73,29,9,59,29,70,72,80,48,44,84,69,76,8,32,19,72,82,73,29,30,13,48,57,62,17,27,36,15,58,72,69,9,85,15,72,77,20,11,79,61,77,17,20,47,28,8,85,9,66,43,27,24,12,12,13
"F","43","Happy","47",46,35,35,55,66,74,19,35,64,25,73,70,20,57,53,55,18,58,49,30,66,79,71,22,23,37,19,23,82,72,52,48,29,35,46,31,79,72,33,49,53,39,35,51,0,54,23,43,47,25,68,61,23,28,40,51,25,60,39,30,64,73,65,16,25,42,37,36,62,32,44,52,25,35,52,37,72,49,37
"F","19","Neutral","80",50,70,61,6,11,85,11,50,9,65,34,77,0,83,6,2,0,50,81,37,51,71,3,25,43,1,0,58,24,0,0,0,8,88,1,84,1,0,2,83,60,58,35,2,0,0,10,53,5,53,0,30,0,0,0,0,0,28,48,59,19,42,0,45,39,0,0,30,13,0,0,0,23,69,0,57,0,0,0
"F","23","Sad","96",91,95,57,10,0,30,0,85,4,85,27,5,0,61,63,0,3,14,81,62,15,18,0,57,59,0,0,42,0,0,17,3,0,88,32,87,0,0,0,78,90,50,0,23,0,5,0,64,0,64,16,0,6,8,1,2,11,0,5,66,31,5,14,65,43,3,0,21,0,1,6,18,27,77,0,77,0,18,0
"F","19","Angry","73",77,73,52,8,7,8,7,82,7,73,7,7,6,52,52,6,52,10,80,75,21,9,4,87,55,5,4,76,4,5,50,3,3,69,50,77,3,6,3,82,75,75,55,5,3,5,3,72,3,72,8,3,9,78,43,4,5,28,85,77,15,1,3,86,86,11,7,85,2,20,2,5,5,86,42,85,4,16,4
"F","19","Happy","77",77,35,29,18,15,11,16,62,17,42,47,57,16,49,58,3,24,16,49,66,33,24,15,62,52,12,15,74,17,23,18,12,27,66,30,68,22,69,9,88,76,78,30,14,15,15,17,77,11,66,17,16,28,40,64,11,16,13,64,69,11,16,20,38,51,15,17,60,17,12,14,14,17,71,32,71,12,71,14
"F","22","Neutral","56",78,13,30,8,3,13,16,67,8,33,5,8,5,16,18,5,5,6,48,58,6,14,13,72,43,5,5,42,15,12,28,8,46,48,8,52,4,9,5,54,73,6,11,7,5,6,25,41,8,16,13,7,5,8,8,6,5,8,32,37,4,6,5,32,30,7,5,25,5,5,23,6,15,50,5,49,6,8,6
"F","19","Sad","59",45,28,29,78,4,6,3,51,34,51,26,3,20,38,12,47,6,8,12,52,7,11,5,57,32,9,8,41,10,7,36,7,19,14,11,14,6,5,6,15,26,9,20,30,34,5,15,5,42,24,22,6,17,23,13,28,15,3,10,25,10,19,41,15,33,29,25,19,17,34,20,6,20,15,20,14,34,25,14
"M","21","Angry","52",63,40,44,22,17,22,31,69,18,63,31,24,17,52,35,26,60,24,40,55,24,17,18,64,53,6,5,37,14,13,63,14,48,45,11,46,6,18,3,51,50,52,37,11,23,21,31,44,26,47,25,16,38,50,43,20,22,14,44,44,12,16,16,40,49,19,6,33,10,22,44,12,28,40,50,37,13,15,8
"M","21","Happy","76",95,15,62,24,26,46,18,30,12,52,20,79,7,47,45,23,12,71,97,89,86,97,13,46,57,3,9,23,32,12,26,79,70,80,63,88,3,81,4,89,92,70,30,4,24,6,19,81,14,61,7,70,13,34,80,21,11,26,72,90,29,35,11,69,64,3,5,46,12,3,18,19,92,73,85,93,6,24,11
"F","19","Neutral","55",29,46,12,10,31,0,6,31,19,36,29,60,14,9,51,6,3,41,41,37,11,64,25,23,14,30,45,14,18,30,13,51,3,50,38,50,11,59,3,41,57,33,27,18,5,45,7,54,10,26,26,14,45,39,45,15,12,26,34,53,11,24,29,52,37,0,8,46,8,10,22,13,17,52,30,51,7,15,0
"F","21","Sad","51",40,35,24,30,18,75,9,45,35,45,34,33,13,45,49,51,9,37,49,41,42,80,25,24,48,15,10,35,14,69,13,38,62,39,32,38,59,37,18,17,28,23,9,67,76,47,25,27,49,29,47,73,47,34,16,65,32,47,22,19,39,61,71,16,18,29,60,22,52,62,80,35,59,31,23,29,60,43,18
"F","20","Angry","60",25,40,0,15,0,5,0,25,0,0,30,65,10,25,40,5,0,45,40,40,65,55,45,10,0,0,15,35,10,0,0,0,15,40,0,40,0,10,0,0,25,0,0,80,50,40,0,0,10,0,65,95,20,0,0,30,0,85,0,0,75,30,95,0,0,50,0,0,0,55,0,20,0,0,0,0,45,45,0
"F","20","Happy","44",34,26,13,31,19,63,28,20,23,34,21,70,22,32,15,38,41,29,28,30,79,45,15,17,20,12,19,14,63,12,57,25,89,33,12,17,54,44,10,40,71,38,13,10,11,43,9,48,10,17,12,54,10,15,41,29,20,39,40,58,56,16,20,56,12,6,17,18,31,16,27,52,61,38,36,58,26,35,7
"F","19","Neutral","83",85,82,85,15,39,15,27,65,27,92,32,18,57,83,63,4,6,26,72,81,63,56,14,57,70,6,19,54,55,35,69,4,63,73,9,73,9,56,34,84,94,83,81,5,38,4,29,76,13,93,13,14,15,93,64,6,76,34,63,94,37,45,9,91,91,12,9,52,16,12,76,12,82,84,61,83,10,33,10
"F","19","Sad","70",90,0,85,55,40,70,10,13,15,10,30,45,25,0,95,15,40,78,90,30,76,50,80,95,10,5,10,85,35,10,18,5,20,40,0,100,35,5,10,55,30,10,45,10,50,85,10,20,41,10,80,40,20,60,90,45,20,15,0,15,95,50,70,65,15,50,35,18,15,40,10,90,5,70,5,45,70,65,65
"F","19","Angry","37",54,31,44,42,68,27,0,53,12,24,5,29,3,44,50,5,44,6,70,50,4,6,11,59,58,38,2,48,3,52,6,1,17,56,11,20,3,33,4,5,7,52,6,35,68,59,3,15,41,5,81,40,83,14,79,2,9,28,8,9,5,55,7,27,3,47,6,13,9,47,5,8,2,41,13,15,1,48,48
"F","19","Happy","60",20,65,5,19,0,11,2,30,8,11,23,82,4,42,40,9,1,87,71,5,82,21,3,10,31,0,5,58,2,0,0,11,0,74,0,74,2,15,0,80,63,83,31,1,0,18,0,79,2,35,11,65,3,71,49,2,0,37,62,52,58,2,0,63,33,0,5,55,0,0,0,6,0,73,22,76,2,7,0
"M","26","Neutral","53",56,53,24,3,0,22,12,43,2,53,0,49,0,60,30,4,17,4,16,60,1,5,1,39,54,0,0,28,0,0,0,0,21,49,0,49,0,3,0,49,68,48,35,0,0,56,0,47,3,50,0,5,0,41,48,0,11,0,54,47,2,4,0,41,44,0,0,26,0,0,4,0,3,48,0,46,0,3,0
"F","21","Sad","50",73,21,68,0,34,39,6,49,8,18,7,14,6,9,31,6,38,8,49,66,9,7,10,73,22,4,3,24,14,4,6,5,23,38,17,59,11,16,0,10,45,15,22,55,23,42,28,5,57,4,73,49,16,14,4,51,0,46,3,12,43,13,35,0,12,5,73,5,45,44,51,54,2,2,4,3,12,67,3
"M","59","Neutral","86",65,80,60,48,35,75,50,90,25,75,40,55,55,85,40,35,40,55,55,75,40,55,50,75,65,40,35,70,20,20,25,15,20,75,15,60,15,15,15,75,75,70,65,20,20,75,15,70,10,75,10,40,45,65,40,20,35,15,65,70,10,5,10,70,85,5,5,65,15,15,45,10,15,75,10,70,5,10,5
"F","53","Neutral","83",59,57,30,0,0,58,0,100,0,55,0,0,0,0,39,0,0,0,45,87,0,0,0,59,53,0,0,54,0,0,0,0,5,72,0,61,0,0,0,83,84,55,31,0,0,47,0,51,0,33,0,0,0,0,28,0,0,0,64,67,0,0,0,67,74,0,0,71,0,0,0,0,18,77,0,76,0,0,0
"F","55","Neutral","89",66,77,75,75,68,36,53,93,42,73,68,56,34,0,73,25,57,8,91,67,87,17,46,79,56,5,56,69,26,100,20,31,72,69,78,75,21,52,39,89,77,93,71,34,39,62,44,81,18,70,23,38,36,79,35,65,25,39,77,74,32,33,27,40,57,23,32,93,0,44,18,33,31,63,81,79,9,30,13
"M","21","Neutral","52",76,6,7,35,2,27,25,70,0,27,65,7,2,43,8,10,53,0,4,14,1,4,82,29,26,0,3,5,37,7,53,0,46,0,7,0,5,0,0,19,51,5,10,10,4,62,3,47,0,27,2,0,1,32,34,2,2,0,4,48,0,0,0,41,18,0,0,3,0,1,15,0,41,41,7,40,0,0,0
"F","20","Neutral","22",6,0,0,36,96,41,0,0,0,0,11,94,35,25,49,3,0,66,5,0,37,34,85,0,38,1,4,0,0,6,15,4,7,21,0,1,18,69,0,16,82,0,0,46,74,5,0,64,10,48,29,50,0,48,90,36,0,50,43,10,35,64,0,10,25,0,0,71,0,0,0,0,9,11,20,14,0,28,0
"F","21","Neutral","62",15,30,10,54,70,65,30,9,70,9,80,69,10,10,75,52,15,57,20,18,79,80,75,12,10,67,85,9,10,62,22,74,20,30,35,51,88,85,50,31,44,52,16,65,60,87,36,12,66,10,71,66,10,10,52,72,21,24,52,63,63,58,87,68,19,67,57,16,47,23,14,55,54,49,62,43,62,61,65
"M","21","Neutral","69",91,53,100,0,15,24,0,50,0,87,0,18,0,94,57,0,0,30,100,84,16,7,0,85,91,0,11,61,0,4,24,0,37,86,90,85,0,26,0,85,85,44,85,0,0,50,0,66,0,90,0,11,0,65,83,0,0,10,87,66,21,9,0,75,89,0,15,72,0,0,58,0,65,84,87,82,0,13,0
"M","35","Neutral","67",15,80,92,31,6,31,26,80,13,93,4,12,17,93,91,0,4,0,91,81,0,0,0,94,91,0,2,0,0,31,0,0,0,51,72,87,0,22,0,89,84,89,95,0,28,0,64,0,0,94,0,0,28,95,94,0,12,0,74,0,0,0,0,72,94,0,0,41,0,0,0,0,10,90,0,91,0,9,0
"F","25","Neutral","84",89,32,72,7,0,0,8,86,0,76,100,19,0,76,18,8,0,8,76,88,25,8,77,78,66,0,26,100,14,21,26,31,77,88,20,70,44,22,20,82,81,64,74,11,21,0,0,77,0,77,25,25,17,51,85,0,26,0,90,86,9,86,0,70,67,0,0,100,0,22,7,0,24,84,48,84,10,22,0
"F","22","Neutral","52",65,30,1,22,6,8,0,51,0,47,3,3,0,23,0,0,0,9,34,60,0,0,0,63,42,0,0,43,0,43,0,0,0,51,0,39,0,4,0,50,64,23,20,5,0,0,0,63,0,51,5,0,0,0,60,0,0,0,21,62,0,0,0,66,62,0,0,57,0,0,0,0,0,0,0,0,0,0,0
"F","24","Happy","100",0,28,57,0,0,15,0,50,0,50,0,50,0,69,58,0,0,17,77,17,0,0,0,20,74,0,0,68,0,0,0,0,24,100,43,100,0,0,0,95,84,24,47,0,0,0,0,22,0,51,0,0,30,25,48,0,0,7,83,12,0,0,0,60,47,0,0,0,0,0,0,0,64,0,0,0,0,0,0
"F","20","Happy","18",33,9,3,81,86,25,19,8,72,8,100,52,8,15,8,70,19,60,7,14,72,94,90,14,5,47,48,14,79,73,40,54,65,6,10,6,100,63,25,22,40,11,7,74,93,39,15,27,65,10,93,62,6,10,16,92,23,75,8,10,66,95,94,4,14,37,42,13,81,79,34,67,80,10,11,10,91,66,30
"F","21","Happy","75",0,100,100,0,0,56,0,83,0,77,0,0,20,51,77,0,12,0,86,73,0,0,0,0,79,0,0,84,0,0,5,0,0,100,0,80,0,0,0,100,0,91,100,0,0,0,0,100,0,88,0,0,100,48,100,0,0,0,77,100,0,0,0,43,100,0,0,100,0,0,0,0,0,95,0,95,0,0,0
"F","21","Happy","51",100,11,100,96,0,100,0,17,100,100,100,100,0,35,100,100,0,100,0,0,100,100,0,0,100,69,100,0,100,0,100,0,100,12,0,0,100,100,0,100,100,51,100,100,100,100,0,10,100,100,100,30,100,0,0,100,0,28,14,27,100,100,100,0,100,26,100,100,100,100,0,0,21,48,0,0,0,48,0
"F","22","Happy","83",100,90,0,5,0,0,0,65,0,20,10,20,0,70,15,0,0,10,10,75,10,20,10,62,10,0,0,0,0,0,0,0,25,41,0,71,0,10,0,60,57,60,0,0,0,0,0,37,0,16,0,0,0,0,15,0,0,10,10,63,0,0,0,58,10,0,0,24,0,0,20,6,0,17,0,75,0,0,0
"F","22","Happy","90",71,87,54,3,10,4,7,78,4,83,23,7,15,65,69,1,36,5,77,81,5,2,23,85,75,1,16,63,3,5,37,4,4,72,16,84,11,11,2,93,94,87,82,2,9,2,16,93,4,92,12,5,21,85,90,5,21,4,78,95,10,10,4,83,79,5,7,96,4,4,30,7,20,88,44,96,17,3,2
"F","21","Happy","89",100,42,46,0,0,46,0,100,2,64,0,3,16,5,48,0,0,4,93,87,0,0,0,100,76,0,0,77,0,0,0,0,0,82,13,72,0,0,0,98,65,60,51,0,0,0,0,100,0,65,0,0,88,0,62,0,0,0,91,73,0,0,0,57,0,0,0,94,0,0,0,0,0,94,58,94,0,0,0
"F","21","Happy","78",70,87,52,27,33,26,61,57,10,57,48,65,36,65,28,37,35,16,75,65,56,58,45,58,56,3,0,40,50,2,44,1,26,86,2,86,35,2,34,86,87,63,50,0,6,26,1,77,1,41,7,47,23,25,80,1,9,1,65,51,28,1,2,73,59,1,0,52,23,2,23,2,30,87,12,87,12,4,4
"M","23","Happy","90",21,77,11,12,0,10,0,86,0,87,0,7,10,48,0,0,0,22,88,77,5,8,0,80,90,0,4,85,0,0,0,0,24,84,0,75,0,17,0,100,53,100,78,0,0,0,0,93,0,95,0,0,33,86,0,0,0,4,100,99,0,92,0,95,95,0,0,99,0,0,0,0,0,98,86,97,0,0,0
"M","20","Happy","30",35,30,70,10,10,30,20,43,3,72,3,22,0,32,11,12,28,10,5,45,9,15,2,5,54,5,0,15,2,3,28,0,37,6,6,6,0,11,0,65,44,20,82,0,2,10,0,48,0,80,0,2,0,8,2,0,14,0,17,40,0,0,0,17,55,0,0,2,0,0,22,0,10,6,5,8,0,2,0
"M","23","Happy","70",61,33,49,33,34,47,49,26,28,27,40,83,20,48,50,35,49,69,40,48,71,48,48,69,48,24,10,76,42,60,60,48,49,74,33,67,21,47,21,67,50,53,33,16,49,16,48,62,23,68,48,16,48,47,68,26,48,26,69,48,23,27,49,73,32,26,24,49,24,16,39,15,25,77,76,77,25,16,36
"M","22","Sad","71",48,39,49,3,7,19,1,80,2,50,1,17,1,80,70,1,38,1,74,68,5,1,5,68,52,1,7,59,2,8,6,1,36,80,28,81,4,7,1,61,71,51,56,3,4,10,1,51,1,40,4,4,7,35,48,7,42,2,48,44,2,2,17,77,56,6,3,49,0,5,1,1,24,59,3,55,7,3,2
"M","52","Sad","79",52,69,58,0,2,94,2,50,1,50,80,22,1,48,88,1,2,20,81,50,29,1,3,73,77,5,4,43,2,39,2,2,2,76,46,75,5,13,22,61,49,73,55,6,1,37,5,45,6,45,4,20,48,44,51,2,47,1,13,49,3,4,3,64,67,3,4,28,5,0,5,4,1,44,1,49,3,4,4
"F","21","Sad","27",49,10,3,36,65,13,69,9,69,8,76,66,17,3,9,75,25,59,13,10,66,68,66,4,19,18,51,7,70,15,67,49,72,5,28,26,59,49,45,0,10,0,0,88,40,38,55,0,58,0,91,81,18,0,0,71,9,64,0,10,79,6,92,4,0,46,90,0,72,57,7,64,24,0,31,0,72,28,13
"F","52","Sad","80",77,66,42,0,34,79,8,50,2,65,2,26,72,84,93,3,54,36,91,57,31,8,96,97,86,2,17,85,0,38,0,18,0,89,0,91,4,14,0,65,10,50,81,8,33,40,3,51,0,63,17,20,5,31,95,3,40,25,94,82,34,4,98,35,88,5,20,96,0,29,0,33,5,90,0,90,4,14,0
"M","21","Sad","90",33,87,17,2,2,1,3,54,2,51,7,31,3,52,17,3,4,2,46,56,16,29,15,46,32,1,1,45,9,1,12,2,1,64,23,59,6,2,2,29,35,29,5,9,0,0,0,8,6,27,0,0,0,25,0,4,10,0,0,10,0,0,0,9,5,0,0,0,2,0,0,0,0,19,0,18,0,0,0
"F","20","Sad","52",81,37,5,1,0,33,0,100,0,44,0,7,0,69,78,0,0,4,76,89,2,52,0,84,76,0,0,76,60,6,0,0,5,84,17,84,0,7,0,35,70,6,18,45,5,0,0,14,40,44,17,44,0,71,14,51,0,40,29,40,40,38,16,71,31,24,43,40,22,47,0,11,0,58,0,50,8,35,0
"F","20","Sad","89",61,67,29,0,0,18,0,35,0,35,38,43,0,16,29,0,0,0,91,17,37,0,0,57,19,0,0,77,0,0,0,0,17,94,0,94,0,0,0,73,45,6,0,42,29,33,0,26,42,6,69,71,0,20,0,0,0,70,58,9,61,48,50,12,9,0,0,0,0,0,0,0,0,69,0,69,23,11,0
"M","23","Sad","60",29,71,52,19,6,80,12,31,1,31,22,52,15,77,77,10,25,27,71,41,82,16,23,58,21,4,64,76,14,26,2,12,0,78,53,63,20,28,14,22,23,31,18,2,71,74,53,17,11,73,72,9,36,79,80,22,22,25,15,6,22,61,93,58,75,5,10,30,18,66,27,15,0,74,6,31,46,50,13
"M","22","Sad","76",29,75,79,18,41,65,8,65,12,52,11,16,4,68,22,25,0,69,97,21,8,91,8,27,74,1,10,79,10,21,5,2,3,57,80,58,9,73,15,73,52,70,52,68,1,18,12,35,19,74,2,18,1,75,33,46,52,22,32,88,1,72,14,72,82,0,0,83,39,6,38,5,93,70,26,59,0,7,0
"F","22","Angry","30",34,28,66,49,20,67,14,15,24,53,52,66,9,72,18,33,27,73,23,20,73,20,44,14,28,7,9,24,20,68,21,19,61,32,7,22,66,59,13,20,26,16,55,29,65,65,22,13,67,52,67,54,15,54,19,12,12,76,21,7,76,30,29,15,36,62,19,16,11,77,20,19,69,14,13,15,65,59,20
"M","53","Angry","66",52,65,52,0,0,55,0,86,0,75,0,75,10,85,81,0,0,24,76,85,0,0,0,50,77,0,0,75,0,0,0,0,0,84,9,62,9,6,0,75,45,71,64,0,16,73,0,73,0,67,0,12,0,64,67,0,0,0,67,20,14,0,0,45,67,5,0,70,0,14,0,0,0,75,13,61,0,11,0
"F","22","Angry","76",35,52,55,3,0,12,3,79,0,62,17,29,5,60,34,2,23,6,76,76,10,7,9,76,58,0,0,80,0,0,25,16,52,81,46,81,0,14,0,61,65,49,52,0,1,3,1,64,0,61,9,9,0,40,48,4,6,6,67,78,9,15,11,86,43,2,0,66,6,2,17,5,43,70,43,71,2,13,0
"F","21","Angry","69",47,37,0,14,11,14,6,22,5,12,13,36,6,23,42,0,15,13,43,23,16,56,5,22,33,0,0,0,0,0,16,0,16,42,2,26,31,26,0,9,33,48,0,7,18,48,0,8,0,47,88,85,53,10,49,31,19,50,2,10,50,74,100,0,18,12,0,0,88,55,90,10,0,0,0,0,50,57,24
"M","29","Angry","77",62,56,40,20,45,30,50,30,30,45,20,50,5,84,37,46,10,22,60,60,30,33,37,47,25,5,25,15,40,20,35,6,14,58,32,60,20,5,5,72,73,45,54,25,18,41,14,35,18,40,21,20,5,50,41,7,29,11,43,63,18,10,32,48,50,18,31,41,45,10,28,15,30,84,43,79,10,10,20
"F","20","Angry","66",72,30,6,0,0,66,24,36,0,49,6,13,0,60,61,4,0,25,53,48,23,7,0,70,46,0,0,16,14,0,22,0,46,46,0,69,16,24,0,26,43,71,0,12,54,63,11,0,0,41,0,22,0,63,74,0,0,17,0,0,24,17,38,39,19,12,0,0,22,59,13,5,18,57,0,26,0,62,10
"F","21","Angry","89",62,93,52,1,2,2,2,96,10,48,1,72,0,49,82,3,1,49,92,76,72,63,22,50,38,0,25,47,12,5,0,32,11,52,48,84,0,34,3,77,99,77,15,0,7,0,0,88,3,38,0,59,0,31,67,4,0,41,77,41,51,59,25,59,40,0,0,56,10,6,0,60,4,60,58,79,0,39,2
"F","23","Angry","82",96,40,57,0,0,58,2,86,0,58,0,0,0,50,63,0,33,5,70,78,0,11,0,67,80,0,0,10,0,14,2,0,25,69,12,69,4,11,0,19,75,15,21,33,0,14,0,79,8,40,0,0,62,13,28,20,22,0,0,66,27,12,0,58,31,58,0,0,0,42,0,0,18,31,0,23,11,41,0
"F","21","Angry","85",35,75,54,8,12,38,9,54,9,58,0,59,0,63,23,11,18,15,82,40,19,53,14,61,51,0,7,57,17,0,39,7,67,76,55,77,2,20,0,56,16,30,50,17,86,67,13,18,9,52,58,44,68,19,67,13,22,76,27,14,3,66,35,21,39,80,28,6,5,73,0,2,21,54,26,56,18,90,59
"F","26","Angry","88",38,64,23,0,0,0,0,82,0,4,90,0,0,42,87,0,7,0,94,65,0,18,6,77,28,0,0,67,0,0,0,6,68,100,3,100,0,11,9,62,17,51,3,30,85,23,0,59,5,18,91,68,45,16,33,10,26,20,40,57,19,7,59,50,45,43,7,62,39,34,29,9,26,63,4,61,6,17,37
"F","21","Fear","70",90,53,92,3,3,84,3,94,2,89,25,6,10,71,52,2,9,7,70,73,7,16,3,90,87,0,0,70,3,1,51,3,23,80,5,62,2,7,0,66,42,69,55,3,2,84,0,53,2,58,78,27,63,58,64,2,1,60,14,24,69,3,71,35,50,2,8,39,2,26,49,6,2,67,9,46,54,78,10
"F","20","Fear","35",100,5,14,1,1,1,1,70,1,100,1,9,1,1,1,1,1,1,65,57,2,1,2,35,61,1,1,5,1,1,1,1,1,47,1,30,1,1,1,1,75,6,12,2,1,17,1,20,2,49,2,1,39,5,7,1,1,24,26,38,3,2,1,81,38,1,12,42,1,1,11,1,37,68,2,45,2,1,7
"F","19","Fear","70",100,80,67,20,20,70,0,100,11,70,7,21,0,100,62,8,0,27,100,90,83,55,4,82,68,0,15,70,0,13,3,2,3,76,0,76,16,0,9,13,100,88,25,20,5,40,0,74,5,24,10,35,14,16,22,27,0,40,0,23,83,45,33,78,12,0,30,0,8,5,11,21,23,8,0,7,36,27,0
"M","19","Fear","60",70,30,20,15,10,10,75,30,20,15,40,35,10,60,20,65,20,35,15,25,35,10,65,40,15,10,20,25,15,10,60,10,70,60,10,50,10,30,15,35,40,10,10,15,10,30,60,25,20,15,35,40,10,25,20,25,40,50,30,20,60,15,50,20,15,10,20,30,30,10,50,15,60,60,10,30,20,50,25
"F","20","Fear","60",60,10,20,5,5,5,5,5,10,2,20,80,4,2,5,3,1,50,30,2,30,80,10,2,5,10,15,30,10,15,30,15,5,25,2,15,40,50,10,10,30,5,5,5,40,80,3,5,1,5,70,30,10,5,2,2,4,30,1,2,40,90,70,40,5,5,50,1,5,10,90,20,70,1,1,1,90,20,10
"F","19","Fear","65",100,35,20,55,0,50,15,95,60,70,70,15,10,60,10,65,15,20,15,90,5,30,20,90,65,0,0,85,0,0,95,0,90,60,15,60,40,5,0,10,20,50,5,5,20,75,0,15,10,20,80,50,65,20,65,20,0,70,10,10,85,60,70,5,10,0,60,10,30,0,60,40,10,10,5,10,85,75,0
"F","20","Fear","53",49,43,56,9,11,56,2,56,1,51,11,82,5,49,18,3,2,71,20,35,69,3,3,20,25,1,25,40,5,14,3,38,15,44,3,43,0,4,0,15,0,50,15,30,5,65,0,10,0,20,78,90,25,47,63,10,4,88,0,15,74,5,50,1,17,0,66,10,10,20,8,57,0,10,0,10,49,16,4
"F","22","Fear","40",59,30,1,1,1,1,30,35,1,35,20,70,1,1,1,20,1,70,1,10,70,10,1,35,20,1,1,10,1,1,1,10,80,60,1,1,1,1,1,10,1,1,1,2,2,30,50,20,1,1,20,1,1,30,0,1,70,1,1,30,1,1,1,20,40,1,1,1,10,1,1,1,79,1,1,1,1,30,1
"F","20","Fear","70",50,45,45,25,20,40,30,20,10,5,55,60,50,25,45,10,5,55,55,35,35,45,10,59,20,0,10,20,5,10,0,5,50,75,20,59,20,25,5,65,50,30,20,15,5,40,50,30,15,15,45,45,25,25,15,15,30,30,20,15,40,5,10,30,25,5,25,20,0,15,15,5,60,65,5,55,25,10,0
"M","24","Fear","25",19,10,10,40,65,10,70,10,87,30,61,75,0,30,0,80,34,60,7,17,100,85,76,15,9,5,45,12,73,78,54,78,31,0,16,0,95,63,37,15,17,6,7,79,85,24,59,9,75,20,64,88,8,14,9,81,31,77,4,7,100,75,88,6,23,31,50,17,81,63,45,59,27,0,22,0,82,66,27
"F","21","Fear","25",70,30,50,30,11,60,35,36,45,36,25,60,9,50,28,30,45,40,20,15,35,15,15,25,30,5,10,30,35,10,40,20,100,20,20,18,10,40,2,20,26,20,14,30,35,31,40,31,15,19,16,40,9,30,19,41,19,50,10,21,21,21,11,22,5,10,12,10,22,4,13,30,100,20,2,10,16,31,8
"F","19","Fear","73",71,54,67,61,44,78,38,66,33,37,40,64,51,56,51,48,35,63,60,30,42,45,34,49,44,41,32,64,36,45,28,49,37,83,35,71,44,49,21,62,53,57,42,40,31,45,29,53,31,46,41,45,70,34,48,35,35,46,41,35,46,25,46,44,43,29,35,56,33,35,26,26,48,71,34,52,41,58,26
"F","19","Fear","65",90,45,60,8,10,1,60,70,5,73,2,5,0,15,20,15,40,3,1,73,0,5,3,62,56,0,4,50,50,0,86,0,86,75,24,75,2,3,0,50,81,3,31,2,7,20,53,44,6,54,7,10,2,47,31,12,50,15,55,45,21,21,2,53,46,1,29,42,55,1,94,6,85,76,3,74,4,30,0
"F","20","Fear","60",91,55,3,0,0,4,0,65,0,50,5,11,1,30,50,0,5,2,70,56,5,3,1,63,41,0,1,25,0,0,20,2,40,50,0,49,0,0,0,50,65,19,10,0,2,5,5,57,0,55,0,40,0,60,37,0,10,10,60,55,15,5,10,59,60,0,1,75,0,0,2,0,20,50,0,45,1,0,0
"F","20","Fear","69",75,53,40,26,5,7,2,79,20,24,21,12,1,50,33,18,62,5,62,44,8,20,5,77,40,2,1,35,2,3,43,1,21,75,2,50,25,3,3,65,80,21,34,31,9,15,68,72,6,48,14,13,4,39,35,14,77,12,34,71,5,25,6,73,47,2,3,62,5,15,31,6,67,61,9,49,6,17,5
"F","19","Fear","73",98,9,38,55,5,42,4,73,19,60,46,93,1,86,39,71,11,79,47,23,77,86,26,23,54,2,5,55,62,5,6,5,100,54,5,53,3,67,5,15,83,9,24,21,9,73,5,56,24,43,46,95,38,28,16,27,18,71,25,29,62,42,38,33,13,3,7,15,17,21,17,36,90,25,11,26,36,58,6
"F","19","Fear","20",5,2,3,20,50,1,31,5,10,1,30,40,1,1,2,40,70,14,10,5,72,20,72,10,2,1,3,5,51,50,51,1,31,10,3,5,1,50,13,5,50,5,5,5,20,5,20,5,2,2,10,20,20,2,2,30,35,30,6,8,16,5,5,7,6,30,16,2,7,24,26,6,26,5,4,6,3,24,2
"F","19","Fear","40",15,50,10,20,35,75,10,10,30,15,60,75,15,20,25,30,65,50,60,30,70,65,80,20,15,5,50,15,55,25,70,70,50,50,50,70,25,70,10,40,25,30,20,20,25,60,30,25,35,25,55,70,20,30,25,25,30,80,35,20,70,40,60,20,25,3,50,40,50,30,65,58,60,33,30,50,40,50,3
"F","20","Fear","70",97,45,22,15,3,7,0,84,20,80,2,1,20,84,80,0,30,3,50,97,1,2,0,96,30,0,0,67,10,22,50,0,15,70,0,70,5,1,0,80,70,30,0,15,4,20,16,54,0,55,10,3,0,32,20,2,89,8,57,60,0,10,25,35,41,0,2,50,0,6,50,0,18,59,1,61,15,16,0
"F","19","Fear","60",50,60,60,55,70,75,90,70,50,60,25,50,11,70,65,90,30,25,60,70,25,40,70,80,80,70,50,40,49,100,30,35,10,60,10,50,30,70,70,40,35,64,49,40,50,75,35,45,50,60,65,65,35,70,65,50,25,70,25,20,40,65,65,15,40,40,55,20,60,55,30,35,20,50,9,40,45,70,60
"F","19","Fear","81",100,62,63,1,49,89,76,89,1,50,13,16,1,52,54,16,64,1,36,68,11,48,22,72,53,1,25,89,25,2,0,12,20,52,1,53,2,1,37,51,92,81,71,19,57,85,75,89,5,87,6,12,0,63,23,9,44,15,19,85,20,21,37,90,47,29,6,50,30,50,20,16,1,64,2,64,8,11,27
"F","21","Fear","68",29,47,3,19,3,15,5,55,3,45,36,62,8,42,7,27,8,39,16,13,36,3,24,13,69,2,1,13,17,3,21,9,74,50,9,50,37,20,1,5,10,5,3,10,9,43,3,10,5,5,42,48,13,7,14,7,7,40,6,7,25,15,30,4,15,6,21,3,9,5,9,15,20,13,3,13,39,35,3
"F","21","Fear","75",90,85,70,50,2,50,2,90,15,50,4,40,20,50,95,5,6,30,89,80,35,10,5,80,50,30,6,85,10,30,1,5,1,80,40,88,4,10,5,2,60,20,50,40,1,58,1,10,15,50,70,80,50,50,80,2,1,80,2,3,80,30,95,5,30,6,100,5,5,6,1,95,1,1,1,1,90,75,3
"F","20","Fear","76",80,44,51,5,11,20,5,53,5,50,23,30,7,41,41,5,51,29,66,50,28,5,5,29,50,5,19,54,5,5,9,19,13,70,34,68,17,21,5,34,59,24,19,13,5,50,5,38,5,38,30,42,5,28,20,8,5,13,20,27,41,6,23,36,17,5,15,49,20,5,5,12,5,50,9,50,5,24,5
"F","20","Fear","40",40,20,10,10,10,60,20,30,20,20,60,60,50,10,30,30,30,80,30,30,60,20,60,30,40,5,35,11,40,31,20,30,40,30,20,30,50,50,5,10,20,20,5,40,30,60,20,20,20,20,50,60,40,40,10,20,10,55,10,20,60,40,60,10,20,5,50,5,55,20,10,50,10,10,20,10,65,55,10
"M","21","Fear","50",87,50,54,39,60,66,65,69,26,61,49,35,3,80,1,22,71,33,20,76,17,20,1,78,49,1,1,35,1,1,67,1,68,53,1,49,1,10,2,54,50,40,52,31,59,63,63,51,3,37,66,29,3,52,20,1,10,75,2,14,20,3,3,50,51,1,2,50,1,49,39,1,47,51,1,52,1,32,9
"F","19","Fear","60",90,30,0,0,20,50,0,40,5,20,20,20,20,10,20,0,0,10,50,50,10,0,30,50,20,0,10,20,0,0,0,0,0,60,0,40,0,15,0,20,50,0,0,0,10,40,0,30,0,0,30,5,0,5,0,0,30,0,0,0,10,0,10,5,0,0,0,0,0,0,5,0,0,0,0,0,30,5,0
"F","20","Fear","60",70,35,20,20,30,25,20,40,10,15,35,55,0,50,20,30,5,40,30,55,55,45,10,65,15,15,15,40,15,30,15,10,50,65,10,50,0,25,0,30,20,20,14,20,16,45,10,20,15,20,50,48,45,40,25,20,12,53,20,15,40,30,31,20,18,17,35,20,20,24,15,28,15,30,8,25,25,38,5
"F","19","Fear","70",10,55,65,10,75,80,5,55,5,65,10,45,10,85,30,10,5,65,30,20,85,5,20,15,50,75,20,20,10,75,5,60,25,85,50,75,30,90,40,55,40,31,65,10,10,70,5,30,5,50,25,80,55,30,40,10,50,70,40,10,80,50,40,15,50,5,60,55,10,20,5,35,15,85,25,85,35,80,70
"F","19","Fear","70",80,60,25,10,1,10,1,80,1,50,10,20,1,20,30,1,1,10,70,90,10,1,2,90,25,1,2,50,2,1,15,1,50,70,1,70,1,10,1,50,50,10,10,10,40,10,40,30,1,25,50,40,1,15,35,25,15,25,20,50,20,1,20,40,35,50,30,1,1,40,1,30,30,50,30,50,30,40,15
"F","19","Fear","95",40,90,50,5,17,90,40,70,0,50,0,70,3,40,60,1,0,20,90,70,20,60,0,30,40,10,0,90,5,10,2,60,30,100,1,90,0,13,0,70,90,50,30,11,0,92,9,50,0,50,10,80,40,20,29,0,0,30,12,11,50,30,2,60,30,1,30,60,2,0,0,40,15,70,1,40,10,65,0
"F","20","Fear","66",100,48,74,54,9,27,0,81,67,81,67,3,0,95,0,39,0,0,10,62,20,0,0,60,84,0,0,95,0,19,0,0,29,55,0,60,0,6,0,40,7,22,14,58,0,11,5,84,61,90,40,11,0,90,0,55,75,0,25,30,10,0,0,70,80,0,0,60,10,15,0,0,50,40,10,40,0,30,0
"F","19","Fear","60",75,25,50,5,10,15,10,50,10,45,40,25,5,60,20,10,50,25,65,55,16,5,10,65,25,2,3,15,15,10,3,3,10,75,3,60,10,40,2,30,60,15,15,10,3,40,7,30,10,35,40,45,5,45,10,10,20,60,20,35,60,10,25,35,15,5,20,13,10,10,10,30,5,40,4,30,40,60,2
"F","19","Fear","50",100,25,50,30,25,65,15,25,15,50,50,85,15,50,15,25,35,50,46,50,85,15,35,70,35,25,25,50,50,25,50,50,60,70,15,50,25,70,2,30,15,50,10,20,15,50,10,10,14,35,100,70,30,50,30,10,50,50,15,30,80,30,80,30,15,10,50,10,20,10,20,35,10,20,10,20,80,65,15
"F","52","Fear","58",70,58,69,2,2,58,0,60,0,62,4,40,20,41,9,10,0,19,100,20,30,0,0,47,60,11,1,95,1,2,0,0,0,70,82,70,0,1,2,13,45,54,45,0,4,51,0,51,0,22,12,22,31,5,10,2,0,7,68,42,46,0,21,43,36,2,11,65,0,3,0,0,0,71,31,74,7,18,2
"M","35","Fear","70",50,80,60,20,30,70,15,50,10,75,20,40,10,60,55,10,50,35,70,60,40,50,60,75,85,20,30,60,20,40,35,10,5,65,15,65,60,40,15,49,50,60,40,45,51,90,40,20,35,51,75,55,30,49,51,30,5,40,40,10,60,60,75,15,35,70,48,20,40,65,40,50,10,35,30,25,65,60,40
"F","36","Fear","75",40,50,60,10,0,80,0,60,0,60,20,20,0,50,50,5,0,20,60,60,60,0,0,60,50,0,0,60,0,10,0,0,10,70,0,70,10,20,0,60,60,40,60,5,0,59,0,70,0,60,60,10,20,70,70,0,0,20,70,60,5,0,0,60,70,0,0,60,0,0,0,0,10,70,0,70,0,20,0
"F","24","Fear","70",7,70,26,23,42,3,38,21,6,35,19,35,11,66,82,26,17,5,45,23,17,25,18,13,19,7,11,68,26,17,77,5,21,41,40,69,30,28,9,29,60,19,10,43,67,42,50,6,25,5,67,25,48,10,10,57,67,25,15,45,57,45,72,9,12,9,37,9,76,69,76,7,12,9,10,9,31,41,11
"F","28","Fear","85",40,70,15,5,0,5,0,70,0,70,0,5,0,40,40,0,0,0,90,60,15,0,0,80,15,0,0,70,0,0,0,0,0,90,60,100,0,5,0,80,15,40,0,5,0,70,0,20,0,30,0,40,0,0,50,0,0,10,40,30,30,5,0,30,25,0,0,65,0,0,0,0,0,90,0,70,5,60,0
"M","28","Fear","49",24,54,8,22,37,72,69,8,59,3,80,53,11,51,48,68,11,3,75,69,42,74,6,48,4,4,42,15,24,10,7,53,6,63,8,79,80,53,0,24,4,74,48,3,33,88,0,13,0,8,100,44,100,6,100,4,0,83,0,4,75,85,11,5,0,29,100,6,0,13,0,78,0,6,29,6,84,100,82
"M","26","Fear","70",70,50,20,0,0,0,0,70,0,50,0,10,21,90,80,0,0,0,70,80,0,0,0,80,80,0,0,80,0,0,0,0,0,80,0,80,0,0,0,40,100,20,20,0,0,60,0,50,0,75,0,0,0,50,80,0,0,10,60,10,0,0,0,20,20,0,0,0,0,0,0,0,0,50,0,30,0,20,5
"F","25","Fear","90",85,90,0,0,0,0,0,90,0,80,0,0,61,0,50,0,0,0,75,69,0,0,0,20,50,0,0,49,0,0,0,0,0,80,0,79,0,0,0,50,0,25,0,0,0,0,0,19,0,0,0,30,70,0,20,0,0,30,0,10,15,20,0,0,21,0,0,0,0,0,0,5,0,60,0,10,10,34,0
"M","27","Fear","59",90,90,20,0,0,0,10,91,0,90,0,10,0,10,8,0,70,0,15,50,5,0,70,90,50,10,0,10,0,0,10,0,40,60,5,50,0,0,0,48,70,90,51,7,0,11,0,5,0,80,0,0,0,0,26,0,0,0,0,25,5,0,19,80,79,0,0,50,0,0,0,0,0,65,5,65,0,0,0
"F","25","Fear","29",70,30,9,40,50,27,0,40,27,31,38,0,0,22,0,40,30,56,10,19,0,0,22,39,31,0,0,20,0,0,46,0,0,40,0,30,0,30,0,0,27,0,0,0,0,64,0,18,0,12,28,52,21,27,0,0,0,47,0,0,0,0,9,0,16,0,0,0,0,14,11,0,0,0,0,0,0,16,0
"M","26","Fear","38",50,55,20,44,12,20,10,50,70,27,60,60,10,40,30,60,24,60,31,40,65,10,65,30,23,5,59,33,61,5,84,3,12,34,10,52,38,60,0,28,42,26,8,46,0,68,0,32,59,11,67,23,18,25,73,56,0,59,0,18,54,28,67,17,11,0,59,0,66,0,73,37,0,27,0,20,67,53,0
"F","36","Fear","70",0,70,70,0,0,60,40,70,0,70,0,55,0,70,70,0,0,0,80,75,0,20,0,80,70,0,0,40,0,0,0,0,0,70,0,70,0,0,0,65,65,70,65,4,2,70,1,70,1,70,0,4,0,70,68,0,15,0,68,70,0,49,2,70,79,0,10,50,10,0,1,4,1,65,1,65,1,4,0
"F","26","Fear","95",95,75,81,1,0,5,3,95,1,80,1,7,0,95,70,0,50,1,81,93,1,0,2,95,85,0,0,90,0,0,23,0,75,85,0,90,0,2,0,70,68,70,80,5,0,28,0,70,3,60,16,35,10,60,9,1,9,25,61,52,14,2,16,66,66,0,10,70,3,8,2,15,64,86,0,83,15,13,3
"M","32","Fear","65",80,35,50,40,10,20,10,70,20,65,15,30,20,75,65,60,5,30,65,70,10,20,20,80,75,10,10,70,5,15,10,10,20,75,40,70,5,20,5,70,75,40,50,20,5,5,15,70,15,65,10,15,30,75,55,20,15,15,70,70,15,10,10,75,65,5,15,60,10,15,15,5,10,65,45,60,10,20,10
"F","25","Fear","75",100,51,11,16,3,63,3,86,2,81,37,2,2,67,35,2,2,2,48,100,0,2,0,100,71,0,0,22,4,0,12,0,5,62,0,62,0,8,0,5,35,16,21,23,0,80,0,46,0,9,46,45,18,24,35,0,0,15,0,0,11,40,10,25,20,0,65,0,10,20,0,30,0,0,0,0,66,70,0
"F","26","Fear","70",34,63,50,15,0,59,9,73,0,14,43,30,0,65,28,31,0,0,58,52,19,0,0,40,21,0,0,39,0,0,17,0,17,87,10,58,42,37,0,5,9,1,9,29,27,28,6,18,31,18,80,51,7,51,53,6,0,64,0,11,52,11,8,2,7,10,36,11,0,32,0,32,11,60,0,0,55,58,11
"M","26","Fear","81",80,60,30,0,0,20,0,80,0,70,10,15,0,70,11,0,10,15,60,72,5,0,40,85,40,0,10,78,10,0,30,0,28,90,28,66,0,10,6,15,27,40,0,0,0,50,0,40,15,40,25,25,0,60,50,0,0,25,0,15,20,27,70,16,5,0,20,0,40,0,10,20,5,60,0,60,65,26,15
"F","25","Fear","60",79,60,50,8,0,50,0,74,0,63,35,54,0,87,49,0,27,0,16,72,3,42,13,70,53,0,0,59,0,0,3,0,66,87,10,65,0,0,0,47,55,47,23,0,0,67,0,35,0,71,43,15,27,61,60,0,16,18,18,41,19,0,0,53,69,0,7,53,0,0,10,0,48,66,0,14,4,23,0
"M","26","Fear","89",100,87,0,0,0,0,12,100,0,50,0,0,31,100,53,0,13,0,93,100,0,0,0,100,93,0,0,84,0,34,0,12,0,90,0,90,0,0,0,99,100,96,0,0,0,0,69,96,0,97,0,0,29,97,0,0,100,0,12,94,0,0,0,94,89,0,0,13,0,0,14,0,13,100,0,94,0,0,0
"F","26","Fear","90",70,80,50,5,0,50,0,60,0,65,20,30,0,50,70,5,50,30,80,60,30,10,50,70,60,0,0,50,10,0,30,15,5,90,60,90,0,15,0,90,20,80,60,5,5,30,0,50,0,60,25,30,5,50,80,0,30,20,80,40,20,20,50,40,60,0,0,50,10,0,0,15,0,85,80,90,0,30,0
"M","20","Fear","50",85,30,25,50,15,75,50,20,15,20,40,10,0,60,100,20,5,15,15,50,10,1,15,50,20,0,0,25,15,5,35,0,0,20,0,20,10,15,0,15,50,50,10,20,0,85,30,15,20,15,50,60,20,30,50,15,0,30,0,15,60,20,50,5,10,0,25,0,5,0,15,15,10,0,0,0,35,40,1
"M","23","Fear","86",91,70,50,8,0,18,0,88,0,91,59,29,60,77,74,0,0,8,81,63,8,0,0,83,86,0,0,79,0,0,0,0,6,83,50,80,0,0,0,62,48,19,50,0,0,76,5,66,0,66,65,16,52,64,56,0,20,19,0,32,28,0,0,66,69,9,0,0,0,67,0,0,16,32,19,30,15,100,32
"M","26","Fear","85",100,49,46,0,0,0,0,100,0,90,0,7,0,100,92,0,0,10,81,90,10,0,0,90,100,0,0,70,0,0,50,0,71,81,10,90,0,0,0,100,100,50,64,0,0,0,0,100,0,88,0,0,12,100,85,0,21,0,48,100,0,0,0,100,100,0,3,54,0,0,14,0,44,100,27,82,0,0,0
"F","19","Fear","69",30,57,22,5,1,41,2,33,1,10,1,40,2,94,16,6,73,78,19,33,2,66,17,41,87,22,1,4,1,10,1,19,2,71,2,72,1,62,1,2,13,32,3,1,5,88,1,15,1,4,68,70,46,58,28,1,2,31,1,6,44,4,70,4,13,1,69,3,2,14,2,18,1,2,2,1,53,81,1
"F","19","Fear","75",90,50,40,10,15,20,10,90,5,75,30,30,10,50,50,25,10,15,50,80,35,30,50,80,25,10,10,60,40,10,30,15,60,50,50,65,15,20,20,25,20,20,15,10,5,55,10,20,10,10,40,70,25,10,25,10,10,50,15,10,60,20,50,45,10,5,50,20,10,20,10,40,40,20,25,20,65,65,15
"F","19","Fear","60",40,85,10,40,5,10,0,10,35,25,75,70,0,50,0,40,60,20,35,60,75,95,15,8,25,0,0,6,15,0,0,9,0,48,10,65,25,15,0,25,10,40,0,60,70,40,0,5,40,0,85,33,35,10,55,25,10,65,15,15,45,95,85,3,0,20,50,5,15,0,75,80,25,20,10,20,70,45,15
"F","19","Fear","40",60,20,0,20,25,10,0,40,0,50,5,15,0,65,15,0,0,0,0,35,10,10,15,25,30,0,0,0,0,0,0,0,0,20,0,0,0,15,0,15,45,15,0,5,0,30,0,25,0,40,5,40,0,35,20,5,0,25,0,20,15,0,10,5,30,0,10,0,0,0,0,4,0,0,0,0,15,35,0
"F","19","Fear","75",60,60,50,50,50,80,60,50,65,50,50,90,60,50,50,50,50,50,65,50,100,100,100,70,50,60,50,65,70,50,40,65,50,70,60,70,90,60,50,50,50,40,40,60,70,70,50,40,70,50,50,75,50,40,50,50,40,70,30,40,100,100,100,50,40,70,90,30,40,80,65,100,30,45,30,45,100,85,65
"F","19","Fear","50",42,4,2,2,0,60,19,31,1,7,1,49,2,25,3,36,59,60,3,14,1,12,55,7,3,0,1,0,2,0,43,7,45,8,3,19,1,35,1,24,3,5,0,0,15,29,2,12,0,1,18,45,34,5,0,0,42,37,0,1,19,0,37,2,0,0,18,0,0,0,31,6,18,0,0,0,9,19,0
"F","19","Fear","94",69,72,50,0,56,64,0,70,0,79,73,41,0,41,0,0,43,33,25,59,33,0,0,73,39,0,0,89,0,0,0,0,94,77,0,78,0,15,0,0,0,0,0,0,0,92,0,0,0,0,70,67,79,0,0,0,0,48,0,0,73,23,82,0,0,0,89,0,0,0,0,24,0,0,0,0,75,100,0
"F","19","Fear","8",2,13,27,1,3,1,61,37,2,40,47,26,3,55,4,48,30,10,22,55,7,30,11,26,36,2,4,5,7,1,46,1,66,35,3,13,23,1,2,3,1,39,2,4,2,39,18,5,1,19,38,28,28,14,33,10,12,33,19,3,42,7,15,39,5,10,24,12,9,13,17,26,6,7,4,6,22,7,4
"F","19","Fear","50",95,30,0,0,24,0,35,86,0,48,35,0,0,27,0,0,49,0,0,72,0,0,48,88,35,0,0,20,0,0,51,0,67,84,0,85,0,6,0,50,87,15,0,0,10,15,30,73,0,9,20,8,41,9,0,0,17,9,0,57,10,0,10,79,0,0,0,0,4,0,40,0,39,81,0,80,0,21,0
"F","19","Fear","61",98,36,52,12,18,85,37,49,5,55,18,36,2,65,50,10,15,35,47,34,28,15,7,47,27,3,2,69,3,7,35,15,8,62,20,57,2,33,2,58,67,51,28,4,3,81,6,54,3,20,24,26,3,26,45,7,4,25,39,26,15,7,17,42,45,6,6,29,6,3,15,7,10,56,10,31,10,16,4
"F","36","Fear","15",31,40,0,80,73,61,0,10,81,50,88,80,0,30,14,66,16,50,0,31,83,63,90,21,28,10,83,10,79,63,84,65,15,11,0,0,20,62,0,0,16,31,0,81,74,61,0,0,78,51,77,81,0,40,25,76,10,53,0,0,92,69,89,0,24,37,82,0,70,49,20,71,29,0,0,0,25,76,15
"M","30","Fear","60",73,49,51,20,26,50,20,55,15,50,30,38,21,50,60,16,30,20,31,40,31,11,16,61,50,20,28,61,20,21,40,14,30,60,19,46,30,32,20,41,50,19,50,35,20,51,21,51,25,40,40,29,50,40,25,50,10,60,20,20,45,24,40,20,40,44,30,22,30,40,14,38,11,40,10,30,26,35,49
"M","28","Fear","80",100,60,85,10,10,80,10,90,10,90,10,10,10,90,80,10,20,15,80,85,15,25,15,75,90,10,10,85,10,10,10,10,10,80,70,80,10,15,5,60,95,60,85,40,10,85,10,75,15,75,20,25,20,75,50,25,20,26,65,70,20,30,20,65,86,10,15,85,10,20,15,20,15,75,70,75,15,20,5
"F","42","Fear","91",77,100,72,0,0,46,0,100,0,100,0,0,0,2,65,0,0,0,91,3,0,0,5,0,100,0,0,56,0,0,0,0,5,89,55,91,0,0,0,100,93,87,78,0,0,12,0,0,0,97,0,0,0,0,91,0,0,0,0,8,0,4,0,0,95,0,0,100,0,0,0,0,0,91,0,82,0,0,0
"M","42","Fear","85",88,50,73,8,17,75,8,77,7,78,47,13,5,51,82,18,51,50,74,88,20,49,46,87,87,51,55,87,22,12,20,9,16,82,53,82,20,26,20,83,85,79,76,20,15,74,16,51,18,70,53,64,17,55,83,17,81,25,71,75,13,17,13,81,78,12,14,81,14,16,14,14,15,78,69,76,73,16,15
